PassengerId,Pclass,Sex,Age,SibSp,Parch,Fare,Embarked,Survived
1,2,0,1.0,4,3,30.91,2,0
2,3,1,57.5,2,1,16.95,2,0
3,3,1,13.3,2,2,17.85,2,0
4,3,1,10.3,4,3,12.83,0,1
5,1,1,42.3,4,2,26.58,2,1
6,1,0,59.3,3,3,60.83,0,0
7,1,1,46.6,3,2,7.2,1,1
8,3,0,36.8,2,1,87.19,1,0
9,3,0,37.1,2,1,37.38,2,0
10,3,0,40.2,0,2,55.46,0,0
11,1,0,39.1,0,2,26.0,1,0
12,3,0,33.4,3,2,48.38,0,0
13,3,1,31.3,3,3,5.0,0,0
14,1,1,29.2,0,1,54.59,1,1
15,1,1,21.0,0,3,5.0,0,1
16,1,1,26.6,1,1,70.61,1,1
17,2,0,9.7,1,0,154.36,1,1
18,3,1,28.8,0,3,11.14,1,0
19,2,0,18.1,1,1,7.56,0,0
20,2,1,16.8,4,1,46.39,1,0
21,3,0,32.2,3,3,9.34,0,0
22,1,0,46.7,3,3,64.21,1,1
23,2,1,41.0,0,1,5.0,1,0
24,2,0,11.2,2,3,5.0,2,0
25,2,0,18.1,0,2,123.86,2,1
26,3,1,41.3,1,3,35.85,2,0
27,1,0,18.2,2,3,60.05,0,1
28,3,1,27.3,1,3,12.55,0,0
29,3,1,36.6,4,1,36.11,1,0
30,1,1,18.4,1,2,28.86,1,1
31,3,0,31.3,4,0,29.57,1,0
32,1,0,14.0,4,0,36.72,1,0
33,1,0,22.8,1,2,27.41,0,0
34,3,1,33.8,1,2,17.94,1,0
35,3,0,10.9,4,2,10.33,1,0
36,3,1,35.3,2,1,46.83,2,0
37,2,1,29.8,4,0,8.21,1,1
38,1,0,36.6,3,2,37.72,1,0
39,3,1,32.7,4,1,8.5,1,0
40,2,0,46.4,2,0,31.41,0,0
41,1,0,31.5,3,3,43.99,2,0
42,2,0,24.8,0,1,7.9,1,0
43,1,0,31.5,0,0,5.0,1,0
44,3,0,36.5,2,1,5.0,2,0
45,2,1,30.6,4,0,29.8,1,1
46,3,1,30.5,1,0,60.59,0,0
47,2,1,21.6,2,3,5.0,1,0
48,3,0,22.0,3,1,42.39,0,0
49,3,0,13.2,3,2,13.36,0,0
50,1,0,51.0,0,3,20.84,1,0
51,3,1,15.1,3,3,84.58,2,1
52,3,0,21.7,2,0,12.91,0,0
53,3,1,21.4,3,2,20.04,2,0
54,3,1,40.7,2,1,5.0,1,0
55,3,0,26.5,1,2,5.0,0,0
56,3,0,45.0,0,2,9.57,1,0
57,1,1,21.9,3,2,5.0,2,1
58,1,0,33.3,2,2,31.94,1,1
59,1,1,20.0,4,2,17.79,1,1
60,2,0,55.7,0,0,25.42,0,0
61,2,0,15.7,1,0,6.14,1,0
62,2,1,33.7,2,3,11.23,1,1
63,3,0,37.6,1,0,34.88,1,0
64,2,1,35.0,1,3,107.56,0,1
65,2,0,27.8,3,3,5.0,2,0
66,3,1,28.4,3,1,70.74,2,0
67,1,1,30.5,2,2,27.52,1,1
68,3,0,28.2,4,0,26.56,0,0
69,1,1,41.6,2,1,22.2,1,1
70,3,0,56.5,4,0,5.0,2,0
71,3,0,23.3,1,3,5.0,0,0
72,1,0,13.6,0,0,29.39,2,1
73,1,1,28.9,2,2,13.34,2,1
74,3,1,61.0,2,3,79.75,0,1
75,3,0,20.4,4,3,16.7,0,0
76,3,0,49.7,1,1,5.0,1,0
77,3,1,50.1,1,2,40.14,1,0
78,1,0,23.4,4,3,11.11,2,0
79,2,0,36.8,1,2,23.85,0,0
80,1,1,49.5,3,0,38.3,0,1
81,3,0,25.5,0,2,73.77,1,0
82,3,1,27.6,2,3,50.28,2,0
83,2,0,23.0,0,1,36.1,2,0
84,1,1,17.8,2,3,36.43,1,1
85,2,0,22.2,3,2,93.36,0,1
86,2,0,15.3,1,2,11.22,1,0
87,3,1,30.4,4,3,5.0,1,0
88,3,0,20.8,3,2,10.16,1,0
89,3,1,32.8,0,0,7.86,1,0
90,2,0,11.3,4,3,34.7,0,0
91,1,1,34.0,1,1,32.14,1,1
92,3,1,40.0,3,3,28.8,0,0
93,3,1,6.1,4,0,5.0,1,1
94,3,1,34.5,3,0,41.75,2,1
95,3,0,44.7,3,0,12.51,0,0
96,2,0,15.5,1,0,35.0,2,0
97,3,1,50.1,2,0,26.02,1,1
98,2,1,35.0,4,1,13.43,1,1
99,1,1,21.5,1,2,5.0,1,1
100,1,0,29.3,3,0,5.0,0,0
101,1,0,36.7,1,0,56.99,2,0
102,3,0,30.9,2,3,80.19,0,0
103,2,0,36.5,4,1,33.57,0,0
104,3,1,19.0,2,1,5.0,1,0
105,3,1,32.0,0,2,16.45,2,0
106,1,1,13.0,4,1,41.77,1,1
107,2,0,28.7,2,3,48.43,0,0
108,3,0,19.2,3,3,5.0,1,0
109,1,0,21.2,4,2,5.0,2,0
110,1,1,44.8,4,3,39.85,1,1
111,2,1,43.1,1,0,14.11,2,1
112,1,0,37.3,3,0,9.4,2,0
113,3,1,16.9,0,3,5.0,1,0
114,3,0,26.2,2,2,24.87,0,0
115,3,0,44.6,1,1,60.95,1,0
116,3,1,31.7,2,2,101.16,0,1
117,3,0,57.8,0,1,26.69,0,0
118,1,1,34.7,0,3,23.12,1,0
119,3,0,32.3,4,3,5.0,0,0
120,3,1,26.3,0,0,25.47,0,0
121,3,1,31.6,2,1,15.3,1,0
122,3,1,28.2,3,2,29.9,1,1
123,2,0,38.5,3,3,15.75,1,0
124,1,0,41.5,4,2,8.79,0,0
125,1,1,20.6,2,0,5.0,2,1
126,2,1,14.0,2,1,12.1,0,1
127,3,0,8.0,0,1,5.0,2,0
128,3,0,36.1,2,3,6.23,1,0
129,1,0,16.8,1,1,139.81,2,1
130,3,1,4.2,0,3,18.79,1,1
131,2,0,34.7,1,0,24.29,1,1
132,1,0,59.9,4,1,66.19,2,1
133,1,1,29.9,3,3,173.41,1,1
134,2,0,40.1,4,2,27.97,2,0
135,3,0,31.0,3,3,53.56,1,0
136,2,0,28.8,4,1,12.67,0,0
137,3,1,41.0,2,0,11.68,0,0
138,3,1,26.5,1,1,16.49,1,1
139,2,1,33.2,3,1,35.72,1,0
140,3,1,33.9,0,3,36.68,2,1
141,3,1,22.0,1,2,12.12,0,0
142,2,1,41.9,0,1,5.0,2,0
143,2,1,27.9,1,2,32.02,1,1
144,2,0,20.9,1,3,5.0,1,0
145,2,0,36.4,4,2,27.65,2,0
146,1,1,19.2,3,3,37.83,1,1
147,3,0,30.3,3,0,38.59,0,0
148,3,0,29.9,1,2,44.81,2,0
149,1,1,43.0,2,2,66.0,0,1
150,2,0,35.7,2,0,22.18,0,0
151,3,0,29.7,0,2,41.93,0,0
152,1,0,39.8,0,0,30.89,2,1
153,1,0,46.7,4,1,6.61,1,0
154,2,0,36.7,1,3,5.0,0,0
155,3,1,30.1,0,0,10.71,0,0
156,1,1,14.3,0,2,18.73,0,1
157,3,1,17.2,1,0,30.72,1,1
158,3,0,26.3,4,2,60.7,1,0
159,1,1,22.7,0,1,6.99,2,1
160,3,0,27.8,4,0,5.0,1,0
161,2,0,30.7,3,1,105.92,2,1
162,3,0,36.4,4,3,5.0,2,0
163,3,0,29.2,2,2,20.83,2,0
164,3,1,35.8,2,2,28.19,2,1
165,1,1,30.8,4,1,24.94,2,1
166,3,0,6.3,2,3,5.0,0,0
167,2,1,18.7,3,0,5.0,1,1
168,1,0,28.3,1,0,5.0,0,0
169,1,1,15.5,2,2,28.19,2,1
170,3,1,37.2,2,1,25.15,1,0
171,3,0,48.4,4,1,8.52,0,0
172,1,1,44.6,3,0,32.5,0,1
173,3,0,27.4,1,3,54.89,2,0
174,1,1,47.9,4,3,5.0,0,1
175,3,0,31.8,4,0,22.06,0,0
176,1,0,26.0,3,0,37.41,0,1
177,3,1,22.6,1,1,9.3,0,0
178,2,1,26.4,3,3,11.77,0,1
179,3,0,25.3,1,0,30.43,2,0
180,1,1,32.0,3,0,73.03,2,1
181,2,1,31.9,4,2,53.13,0,1
182,1,0,30.0,4,0,28.0,2,0
183,3,0,35.2,0,0,41.92,2,0
184,3,1,44.3,2,3,14.52,1,0
185,2,0,41.4,3,1,32.78,0,0
186,3,0,12.2,0,3,20.09,2,0
187,3,0,1.0,2,1,6.74,2,0
188,3,1,41.2,3,2,38.71,0,0
189,3,1,13.6,1,0,26.02,1,1
190,1,0,27.3,2,2,14.21,0,0
191,1,1,16.0,4,1,77.53,1,1
192,3,0,8.4,0,3,5.0,0,0
193,3,1,36.5,2,3,12.14,0,0
194,3,0,39.1,2,2,5.0,0,0
195,2,0,23.1,4,1,46.55,0,0
196,2,1,1.0,3,2,38.75,1,1
197,3,0,23.4,1,2,12.88,1,0
198,3,1,34.7,4,0,36.03,2,0
199,3,1,12.3,1,2,16.13,0,1
200,3,0,32.2,3,0,45.17,1,0
201,3,0,29.8,2,0,19.38,1,0
202,1,1,37.0,1,3,17.01,1,1
203,1,0,31.4,0,0,87.34,0,1
204,3,0,18.3,0,0,9.24,2,0
205,3,0,44.4,4,3,5.0,1,0
206,1,0,28.1,3,2,28.11,0,1
207,1,0,29.7,4,1,111.49,1,0
208,3,1,18.8,4,1,15.19,1,0
209,1,1,24.7,4,1,5.0,2,1
210,1,0,19.4,0,2,13.26,1,0
211,3,0,27.9,0,0,22.56,1,0
212,3,0,50.5,4,1,5.65,0,0
213,3,1,13.5,0,2,34.34,0,1
214,1,0,10.6,3,0,195.09,2,1
215,3,1,47.7,4,3,19.23,0,0
216,1,1,27.5,0,1,14.02,0,1
217,2,1,22.0,1,0,16.38,2,1
218,3,0,42.5,4,1,5.0,1,0
219,3,1,22.7,4,1,68.73,2,1
220,3,0,51.9,3,1,17.15,0,0
221,3,1,38.1,2,0,15.67,2,0
222,3,0,24.1,2,2,34.49,1,0
223,1,1,55.9,3,0,18.67,2,1
224,2,0,22.7,3,1,33.43,0,0
225,2,1,38.9,3,0,5.0,0,0
226,1,0,33.6,2,3,53.78,2,1
227,3,0,45.6,3,2,90.3,1,0
228,2,0,48.7,0,0,33.48,2,0
229,3,0,30.4,4,3,98.93,1,0
230,3,1,21.0,4,2,5.25,1,1
231,3,1,35.5,1,3,20.77,2,1
232,3,0,21.9,1,2,29.47,1,0
233,3,1,54.2,4,0,27.89,0,0
234,2,0,31.6,0,3,16.42,2,0
235,1,0,25.6,2,1,13.2,1,0
236,3,1,32.2,2,3,5.0,0,1
237,2,0,13.8,0,2,15.91,2,0
238,1,0,18.3,2,0,5.68,0,1
239,3,1,44.4,3,2,42.42,0,0
240,1,0,22.1,4,3,7.5,0,0
241,3,0,17.4,4,3,5.0,1,0
242,3,0,36.4,0,1,25.72,2,0
243,3,0,44.2,2,0,28.94,2,0
244,2,1,38.6,1,0,65.76,1,1
245,1,1,42.0,1,3,27.53,2,1
246,3,1,20.9,2,0,13.56,0,0
247,2,0,12.9,1,1,51.99,2,0
248,3,0,48.0,0,2,24.87,1,0
249,3,1,26.1,0,0,5.0,0,0
250,3,0,27.0,2,3,26.7,1,0
251,2,0,45.9,1,2,76.36,0,1
252,2,0,36.7,0,2,16.15,0,0
253,3,0,35.5,0,1,11.25,2,0
254,2,1,56.0,3,3,5.0,0,1
255,1,1,22.3,3,0,5.26,1,1
256,3,1,41.1,0,3,18.14,2,0
257,3,0,30.7,2,2,28.98,1,0
258,3,1,33.2,4,3,5.0,0,0
259,3,1,48.3,4,0,89.8,1,1
260,1,0,36.1,0,0,45.03,1,0
261,3,0,36.5,0,1,28.27,0,0
262,3,1,42.9,0,0,56.41,2,1
263,1,1,25.6,2,0,5.0,1,0
264,3,1,19.9,3,3,20.73,0,0
265,3,1,17.5,0,3,31.82,2,1
266,3,0,6.4,0,2,56.45,2,0
267,3,1,54.7,1,1,48.96,2,1
268,3,1,16.8,2,3,10.38,1,1
269,2,0,27.3,0,0,90.5,1,1
270,2,1,26.7,1,2,5.0,1,1
271,3,0,33.7,4,3,66.58,2,0
272,3,0,39.8,0,1,113.23,1,0
273,3,0,40.3,0,1,6.24,0,0
274,3,1,23.0,1,2,40.97,1,1
275,3,1,28.0,2,2,5.0,1,0
276,3,0,33.4,0,2,16.64,2,0
277,3,1,27.0,4,2,23.24,1,1
278,3,1,49.3,0,2,27.81,0,1
279,3,0,35.9,4,0,87.93,2,0
280,3,0,38.8,3,0,35.7,0,0
281,3,1,38.0,3,3,21.0,2,0
282,2,0,44.1,4,1,53.09,2,0
283,2,1,32.2,2,0,96.21,1,1
284,1,1,14.4,0,0,5.0,0,1
285,3,1,34.8,0,0,129.5,2,1
286,1,1,22.2,3,3,5.0,1,1
287,2,0,23.7,4,2,53.89,2,0
288,3,0,37.0,0,3,10.53,2,0
289,2,0,44.9,0,1,5.0,2,0
290,3,0,30.3,2,1,18.55,2,0
291,1,1,33.7,1,1,33.05,2,1
292,1,1,50.4,3,1,15.35,2,1
293,3,0,32.9,3,0,5.0,1,0
294,2,1,61.2,1,0,29.28,2,0
295,1,1,36.8,0,3,74.46,0,1
296,3,1,8.9,2,2,15.46,1,0
297,3,0,39.0,2,1,7.8,0,0
298,1,0,34.6,3,3,18.7,2,0
299,3,0,45.5,2,0,5.0,0,0
300,1,1,38.1,1,0,54.96,2,1
301,1,0,28.3,0,2,56.02,2,1
302,3,0,15.3,1,2,28.38,1,0
303,3,0,27.5,4,2,13.94,1,0
304,3,0,19.8,3,3,51.47,2,0
305,3,0,23.0,2,0,25.89,1,0
306,3,0,37.1,4,0,55.95,0,0
307,3,1,50.0,2,2,31.94,1,0
308,2,1,34.7,0,1,49.1,1,1
309,3,0,15.6,0,2,29.21,0,0
310,2,0,35.3,0,3,17.11,1,0
311,2,1,44.4,2,2,101.4,2,1
312,1,1,22.7,4,2,24.93,0,1
313,1,0,28.4,0,3,29.73,2,0
314,3,0,30.2,4,2,7.97,0,0
315,3,0,20.6,2,0,31.44,2,0
316,3,0,37.8,4,1,27.13,2,0
317,2,1,28.5,2,2,6.54,1,1
318,1,0,35.0,2,3,5.0,2,0
319,1,0,19.4,3,1,29.67,1,0
320,2,0,24.8,2,3,46.16,0,0
321,3,0,38.7,2,1,23.71,2,0
322,3,1,25.5,1,1,8.23,2,0
323,3,1,50.7,0,2,35.14,0,0
324,2,1,25.2,3,0,5.0,0,1
325,3,0,32.7,3,2,18.66,2,0
326,3,0,41.2,3,3,5.71,0,0
327,3,1,13.0,1,3,6.52,1,0
328,3,0,8.9,2,1,7.23,0,0
329,2,0,11.7,0,1,15.65,0,1
330,1,1,45.2,4,0,5.0,2,1
331,2,1,23.4,2,2,16.23,1,1
332,3,1,60.7,1,3,22.94,0,0
333,1,1,23.2,2,1,21.13,1,1
334,1,0,32.2,2,0,15.44,1,0
335,1,0,48.5,1,3,58.47,1,0
336,1,1,54.1,3,1,5.03,2,1
337,3,0,54.7,3,3,22.55,0,0
338,3,1,44.5,0,0,5.0,2,0
339,2,1,42.3,0,0,5.0,0,1
340,1,0,37.1,3,3,27.3,0,1
341,2,1,39.3,4,2,26.71,2,0
342,2,0,23.4,2,3,67.33,1,1
343,1,0,20.2,4,1,26.12,1,1
344,2,0,30.0,2,2,102.84,0,0
345,2,0,28.0,3,1,5.0,2,0
346,3,1,24.6,0,3,5.0,1,0
347,3,0,38.4,0,2,5.0,1,0
348,1,1,41.5,4,1,6.56,0,1
349,2,1,31.1,0,3,24.94,0,1
350,3,1,47.7,3,3,33.19,2,0
351,3,1,16.3,4,2,5.0,0,1
352,3,0,27.7,2,3,93.38,1,0
353,3,0,21.4,0,0,59.08,1,0
354,1,1,7.6,1,1,11.26,1,1
355,1,1,29.0,0,1,5.0,1,1
356,3,0,28.5,2,3,5.96,2,0
357,1,1,48.2,4,3,5.0,2,1
358,3,0,37.6,2,0,5.0,0,0
359,3,1,17.7,1,2,23.39,0,0
360,3,0,52.2,3,3,9.03,0,0
361,2,1,44.7,0,3,14.19,2,0
362,3,1,37.0,4,3,145.82,1,1
363,2,0,27.3,3,3,36.9,0,0
364,3,1,18.5,2,1,95.22,1,1
365,3,1,25.5,4,3,5.0,0,0
366,2,0,43.1,3,1,15.41,0,0
367,3,1,52.6,4,3,25.89,0,0
368,3,0,48.5,1,2,5.0,0,0
369,1,0,24.1,1,0,5.0,0,0
370,1,1,16.6,0,2,35.52,1,1
371,1,1,31.7,0,3,32.85,0,1
372,1,1,8.8,1,3,16.93,1,1
373,1,1,33.9,4,3,21.52,2,1
374,3,1,28.2,1,2,17.18,0,1
375,1,1,24.4,0,3,5.0,1,1
376,2,1,10.9,1,2,13.07,2,1
377,3,0,36.2,1,1,6.24,2,0
378,1,1,23.6,4,0,5.0,2,1
379,3,0,16.0,3,0,100.48,1,1
380,2,1,1.0,0,2,29.27,0,1
381,1,1,29.7,4,1,41.74,0,1
382,3,0,51.3,1,2,12.12,1,0
383,3,1,49.9,1,1,15.98,0,0
384,3,1,24.5,3,3,8.65,1,1
385,3,0,22.8,0,1,5.0,0,0
386,3,1,35.6,0,1,6.31,2,0
387,2,1,18.0,2,1,51.11,0,1
388,1,1,33.6,0,0,36.22,1,1
389,3,0,39.2,3,1,25.33,1,0
390,3,1,44.7,2,3,20.62,2,1
391,3,1,28.8,2,3,81.81,1,1
392,2,1,27.6,1,3,5.0,0,1
393,2,1,19.5,1,1,10.54,0,1
394,3,0,20.1,0,2,13.78,2,0
395,2,0,27.3,2,2,48.81,1,0
396,3,1,34.4,1,3,156.63,2,1
397,3,1,41.0,3,0,8.81,0,0
398,2,0,20.4,1,2,66.37,2,1
399,3,0,47.9,1,1,56.82,1,0
400,3,1,26.7,2,2,8.14,2,0
401,1,0,29.7,2,3,16.31,1,0
402,3,1,21.0,4,0,16.87,1,0
403,3,0,1.0,3,2,122.46,0,0
404,3,0,40.6,2,2,6.39,0,0
405,2,0,38.8,0,3,51.37,0,0
406,3,0,26.6,3,0,13.02,1,0
407,2,1,30.8,3,0,42.0,2,1
408,1,0,36.2,2,3,17.43,1,0
409,3,0,11.2,3,1,27.64,0,0
410,1,1,23.7,2,2,57.2,0,1
411,2,0,39.5,1,1,52.18,2,0
412,3,0,14.9,4,2,64.42,0,0
413,3,1,33.5,1,2,5.0,0,0
414,3,0,13.7,2,1,37.69,0,0
415,3,1,35.6,2,3,5.0,2,1
416,2,1,29.6,1,3,17.2,1,1
417,2,1,10.6,0,2,25.45,0,1
418,2,1,44.0,0,3,16.49,2,0
419,3,0,21.2,0,2,23.46,0,0
420,3,1,20.3,2,3,181.2,2,1
421,3,0,32.4,3,2,5.0,0,0
422,3,0,43.8,2,3,36.01,2,0
423,1,0,17.8,3,0,16.13,0,0
424,2,0,30.7,1,1,5.0,1,0
425,1,0,35.1,4,0,5.53,0,0
426,3,0,38.3,3,1,95.4,2,0
427,2,0,32.1,0,1,67.74,0,0
428,3,0,25.6,2,2,76.02,1,0
429,2,0,20.1,1,1,152.69,0,1
430,1,0,31.0,0,0,7.47,2,0
431,1,1,17.1,1,0,14.05,2,1
432,3,1,1.0,4,3,35.4,1,1
433,3,1,35.2,2,0,21.16,2,1
434,1,0,40.8,2,3,17.34,0,1
435,1,1,1.6,4,1,14.17,0,1
436,3,1,17.9,2,0,28.83,0,1
437,1,1,37.4,3,1,27.43,2,1
438,3,0,54.7,1,0,5.63,0,0
439,3,0,30.2,0,0,20.42,0,0
440,1,0,21.3,4,3,25.8,0,0
441,1,0,27.8,3,1,27.03,1,0
442,3,1,46.5,0,0,7.55,2,0
443,2,1,22.2,0,2,43.39,2,1
444,2,1,20.4,4,1,5.0,2,1
445,3,1,24.2,3,1,14.02,1,1
446,3,0,18.6,0,1,48.48,2,0
447,3,0,31.5,0,3,26.56,1,0
448,3,0,49.5,3,2,9.69,1,0
449,2,1,33.9,2,1,37.99,2,1
450,1,0,27.0,0,0,26.81,0,1
451,3,0,26.5,1,0,50.91,0,0
452,3,1,11.2,3,3,42.5,2,1
453,2,1,40.6,0,0,30.14,2,1
454,3,0,29.1,4,1,21.43,1,0
455,1,0,27.8,1,0,5.0,2,0
456,2,0,68.3,0,1,9.69,1,0
457,1,0,33.6,1,0,17.38,2,1
458,2,0,21.0,1,2,29.27,0,0
459,1,0,24.9,2,3,23.07,0,1
460,1,1,43.8,1,3,10.88,2,1
461,1,1,31.4,2,2,5.0,1,1
462,3,1,12.7,3,2,21.94,0,0
463,3,0,41.0,2,3,10.76,1,0
464,3,1,22.0,4,2,42.45,2,0
465,3,0,52.5,0,1,5.0,2,0
466,2,0,43.0,3,0,28.13,0,0
467,2,1,24.6,3,3,90.83,2,1
468,3,0,45.4,4,2,6.13,0,0
469,1,0,30.8,2,1,20.42,1,0
470,3,1,40.2,0,3,5.0,0,0
471,1,1,35.8,2,2,31.44,0,1
472,3,1,19.8,1,3,25.59,1,0
473,1,0,22.3,2,2,16.74,0,0
474,3,1,42.4,3,3,23.58,0,1
475,3,1,26.0,0,1,72.6,2,1
476,3,0,25.2,2,1,6.99,1,0
477,1,1,18.5,0,0,5.0,0,1
478,3,1,35.1,0,3,63.3,1,0
479,3,1,54.8,1,0,27.54,1,0
480,3,0,17.2,1,3,70.82,0,0
481,3,0,30.3,3,2,29.08,2,0
482,3,0,46.9,4,2,53.17,1,0
483,2,0,29.0,0,0,17.97,0,0
484,3,1,35.4,4,3,44.34,1,1
485,3,0,17.3,3,0,78.15,2,0
486,3,0,35.1,0,1,27.17,2,0
487,1,1,27.8,0,0,6.38,2,1
488,2,1,41.8,4,0,10.02,0,1
489,3,1,44.2,2,2,7.09,0,0
490,3,0,61.1,1,0,9.07,2,0
491,2,0,37.0,2,3,11.71,0,0
492,3,0,33.9,4,2,25.92,2,0
493,2,1,32.3,1,0,28.37,0,0
494,1,1,25.8,2,1,17.79,2,1
495,2,0,34.1,1,0,30.58,1,0
496,2,1,26.5,0,0,5.0,2,1
497,3,1,32.0,2,0,5.0,2,0
498,1,1,45.8,1,2,6.03,0,1
499,3,0,17.9,1,3,23.36,0,0
500,3,1,43.7,1,1,7.71,0,0
501,3,1,45.8,2,0,10.66,0,0
502,3,0,28.6,3,3,16.36,0,0
503,2,0,4.5,2,3,53.46,0,0
504,3,1,22.7,4,2,5.0,1,1
505,3,1,45.6,2,1,33.54,2,0
506,1,0,29.7,1,2,35.37,2,1
507,3,0,18.0,0,3,51.29,2,0
508,3,1,23.9,2,3,86.38,1,1
509,3,1,40.1,2,3,5.0,2,0
510,3,1,36.6,1,2,5.34,1,0
511,3,1,27.1,0,1,69.54,1,1
512,2,0,25.6,0,0,19.63,1,0
513,3,1,25.3,4,2,26.61,2,1
514,3,1,18.9,2,3,34.81,1,0
515,1,0,49.4,0,2,36.37,2,0
516,1,1,26.1,0,3,85.9,2,1
517,2,0,44.6,3,0,185.36,0,1
518,3,1,48.3,3,0,40.75,0,1
519,3,1,42.0,0,1,10.83,1,1
520,1,0,24.8,4,3,67.78,1,1
521,3,0,34.8,0,1,5.0,2,0
522,2,1,29.7,1,1,8.41,1,1
523,3,1,19.2,2,0,72.86,1,1
524,3,1,33.9,4,2,9.47,2,0
525,3,0,15.9,1,2,7.98,1,0
526,2,1,44.3,4,1,5.0,1,0
527,2,0,24.4,1,0,62.71,2,1
528,2,0,32.4,2,3,22.18,2,0
529,1,1,33.4,2,2,35.96,0,1
530,3,0,26.9,3,1,8.74,2,0
531,3,1,37.0,1,2,45.41,0,0
532,3,1,24.3,3,2,45.67,1,0
533,3,1,40.5,1,3,11.99,2,1
534,3,1,13.8,3,0,16.92,2,1
535,3,1,31.5,2,3,7.53,2,1
536,3,0,53.3,4,0,120.11,1,0
537,3,0,18.0,3,2,33.19,0,0
538,1,1,21.9,1,1,87.24,1,1
539,2,1,36.2,1,3,11.57,1,1
540,1,0,32.2,2,0,48.73,2,1
541,3,0,34.2,1,2,46.46,0,0
542,3,0,35.9,0,0,37.65,1,0
543,1,0,37.6,4,0,107.87,2,1
544,3,1,43.3,3,0,16.0,1,0
545,3,1,34.9,4,2,5.0,1,0
546,2,0,27.1,2,1,35.64,2,0
547,1,1,38.1,3,1,41.82,2,1
548,3,0,52.8,3,1,27.39,0,0
549,3,1,28.4,0,0,7.41,1,0
550,3,0,18.3,2,2,22.47,2,0
551,3,1,43.3,1,0,11.98,2,0
552,3,0,28.6,0,1,17.85,0,0
553,3,0,3.9,0,1,33.16,0,0
554,3,1,40.2,4,2,43.75,2,1
555,3,0,23.6,4,0,8.46,0,0
556,2,1,28.9,4,3,16.63,2,1
557,1,1,34.0,0,3,10.03,1,1
558,1,0,32.3,1,1,7.09,0,0
559,3,1,38.5,3,2,48.95,1,0
560,3,1,24.8,4,0,76.79,1,1
561,3,1,36.2,1,0,14.8,1,0
562,1,1,26.9,2,1,44.53,2,1
563,1,1,38.9,4,1,72.74,1,1
564,1,0,37.4,3,0,59.89,1,1
565,2,1,18.8,2,0,6.46,1,1
566,3,1,43.0,2,1,100.17,2,1
567,2,1,23.6,3,0,15.13,1,1
568,2,1,39.7,4,3,13.26,1,0
569,3,1,34.4,0,1,5.0,0,0
570,2,0,52.1,3,0,21.31,2,0
571,3,1,27.3,3,1,5.0,1,0
572,3,0,25.8,3,2,9.14,0,0
573,2,0,29.8,2,1,12.2,2,0
574,3,0,26.4,1,1,52.95,2,0
575,3,0,39.6,0,2,66.67,2,0
576,3,1,10.6,4,3,11.53,2,1
577,1,0,17.4,4,0,62.62,2,1
578,3,0,17.2,1,2,62.29,2,0
579,2,1,41.4,3,1,46.29,1,1
580,2,1,50.5,0,0,5.08,1,0
581,2,1,28.7,4,2,37.51,1,0
582,3,0,28.0,4,0,92.83,1,0
583,2,1,30.8,3,0,36.72,0,1
584,2,1,43.9,1,2,12.89,1,1
585,3,0,18.9,0,0,22.22,2,1
586,1,1,32.9,1,3,33.21,1,1
587,1,1,41.7,1,2,22.86,1,1
588,1,1,36.0,0,3,5.0,2,1
589,1,1,32.3,0,1,11.97,1,1
590,1,0,42.0,4,0,51.89,1,0
591,1,1,1.0,4,1,63.24,1,1
592,3,1,38.1,0,1,5.0,0,0
593,1,0,22.2,2,0,97.43,1,1
594,2,1,8.0,4,2,12.76,2,1
595,3,0,36.1,2,0,34.74,2,0
596,2,1,46.5,0,1,44.6,1,1
597,3,0,28.4,4,1,53.47,1,0
598,1,0,41.4,1,2,93.25,1,1
599,1,0,49.3,0,0,12.01,2,1
600,1,0,45.8,3,1,62.58,2,1
601,1,1,49.7,2,3,5.0,0,1
602,2,0,38.9,0,1,39.07,0,0
603,1,1,30.9,0,1,43.35,0,1
604,1,0,10.8,4,2,36.24,2,1
605,1,0,27.0,4,3,9.3,0,1
606,2,0,19.9,4,1,66.05,1,1
607,1,1,56.1,3,1,5.92,1,0
608,2,0,27.9,4,3,5.0,2,0
609,3,1,31.5,0,0,40.45,0,0
610,3,1,36.6,4,0,20.65,1,0
611,1,1,30.5,1,1,60.52,2,1
612,3,1,50.3,4,1,15.47,0,0
613,3,1,22.5,3,0,5.9,1,0
614,1,1,32.3,1,2,57.94,0,1
615,3,1,21.1,0,3,25.47,2,0
616,3,1,14.2,0,3,6.71,0,1
617,1,1,22.7,2,2,40.78,2,1
618,2,0,29.6,1,2,22.9,0,0
619,3,0,24.8,2,2,29.67,1,0
620,3,0,21.7,1,2,19.77,2,0
621,1,0,13.1,1,2,56.46,2,1
622,1,0,29.0,3,2,56.62,2,0
623,2,1,11.9,2,3,39.54,0,1
624,2,1,39.1,3,2,5.0,0,1
625,3,1,31.0,1,0,58.41,1,1
626,2,1,12.5,0,2,35.58,2,1
627,2,1,26.3,1,2,38.21,2,1
628,3,1,21.0,3,3,14.43,0,0
629,1,1,33.8,2,3,67.66,0,1
630,2,0,46.1,2,2,41.35,1,0
631,3,0,7.5,3,3,5.0,1,0
632,3,0,31.4,2,1,16.76,0,0
633,3,0,28.1,4,3,69.6,2,0
634,3,1,38.1,0,3,5.0,1,0
635,1,1,32.6,0,3,104.16,0,1
636,2,1,21.0,0,3,36.38,0,1
637,3,0,26.2,2,0,31.94,2,0
638,1,1,20.4,2,0,10.1,0,1
639,2,1,42.9,1,0,9.15,0,1
640,2,1,30.3,1,2,91.15,1,1
641,1,0,52.8,0,2,11.33,0,0
642,2,1,29.3,4,1,47.8,0,1
643,1,0,21.5,1,0,15.98,1,0
644,2,0,11.8,1,2,5.0,2,0
645,1,0,8.4,2,3,5.0,2,0
646,3,0,11.0,4,3,25.15,1,0
647,3,1,33.2,0,0,119.06,1,1
648,3,0,36.1,1,1,14.74,2,0
649,3,0,11.0,4,1,14.14,2,0
650,2,1,40.7,4,3,13.5,2,1
651,1,1,24.2,0,1,23.52,2,1
652,3,0,31.8,4,0,18.59,2,0
653,3,1,49.3,4,3,67.83,1,1
654,3,0,40.8,4,2,22.54,0,0
655,2,0,26.8,1,2,22.68,2,0
656,1,0,19.3,0,1,5.0,2,1
657,2,0,4.2,4,3,129.9,0,1
658,2,1,21.4,4,3,9.2,0,1
659,3,0,27.5,1,2,5.0,0,0
660,3,1,18.2,0,3,34.82,0,1
661,2,1,28.4,2,3,28.95,0,1
662,3,1,30.9,1,3,17.16,0,0
663,3,1,27.3,0,1,17.55,1,0
664,1,0,22.2,4,3,49.2,0,1
665,1,1,32.0,0,0,6.97,0,0
666,1,0,35.3,0,1,54.92,1,0
667,1,1,16.9,0,3,33.48,0,1
668,1,1,46.9,2,3,17.37,2,0
669,1,0,28.8,0,0,19.6,2,0
670,2,0,30.2,2,1,9.49,0,0
671,1,0,38.5,4,2,44.63,1,0
672,3,1,32.8,2,2,23.02,2,1
673,1,1,41.4,4,1,12.38,1,1
674,3,0,33.4,4,3,29.01,2,0
675,2,0,22.7,2,3,174.63,0,1
676,3,0,34.3,1,2,18.28,1,0
677,1,0,16.3,3,2,81.1,1,0
678,2,1,31.3,0,2,13.54,1,1
679,3,0,29.6,3,0,5.0,2,0
680,3,0,27.5,0,2,7.31,2,0
681,3,0,28.5,0,0,17.36,2,0
682,2,0,7.4,4,1,7.94,0,0
683,1,1,23.4,0,3,5.0,2,1
684,3,0,31.1,0,2,78.88,0,0
685,3,1,31.9,2,3,59.43,1,1
686,3,0,17.7,3,3,43.39,1,0
687,3,0,45.2,2,2,5.88,0,0
688,2,1,19.6,0,2,5.0,2,1
689,3,0,41.6,4,1,5.0,0,0
690,1,1,35.1,2,0,41.2,1,1
691,2,1,22.2,2,0,84.56,1,1
692,2,0,51.3,1,3,18.02,0,0
693,3,1,15.7,0,2,5.0,2,0
694,1,1,41.0,4,1,22.98,2,1
695,1,1,42.0,2,1,13.73,0,1
696,3,1,22.0,2,1,15.03,0,0
697,2,1,46.7,4,1,31.07,2,1
698,3,1,27.0,0,1,40.59,1,1
699,1,1,33.5,1,0,5.0,0,0
700,2,1,33.1,2,0,5.0,2,1
701,3,0,28.4,1,0,165.52,2,1
702,1,0,39.7,3,2,8.48,1,0
703,2,1,39.5,0,3,5.0,1,1
704,1,0,9.0,3,1,6.74,1,0
705,1,1,45.7,3,2,5.0,1,0
706,3,1,10.1,3,1,15.91,1,1
707,2,0,42.4,0,0,51.89,0,0
708,3,1,43.5,0,2,13.36,2,0
709,2,1,16.9,4,0,18.79,0,1
710,3,1,25.1,1,1,36.02,0,1
711,3,1,16.7,1,1,22.76,0,0
712,3,0,27.4,4,3,63.25,0,0
713,2,1,26.3,4,1,64.33,0,1
714,2,1,39.4,3,0,5.0,1,1
715,2,1,45.7,4,1,48.17,1,1
716,3,0,46.7,2,3,19.76,2,0
717,3,1,23.3,1,3,143.85,0,1
718,3,0,27.5,4,0,21.13,2,0
719,1,0,9.8,2,2,138.71,1,1
720,3,1,20.3,2,1,44.95,1,0
721,3,1,41.6,2,3,9.15,1,1
722,1,0,49.4,2,1,24.74,0,0
723,1,1,15.2,3,1,155.05,0,1
724,3,0,22.9,2,2,62.36,1,0
725,3,0,29.7,3,3,5.0,2,0
726,3,1,33.4,3,1,39.21,2,0
727,1,1,20.3,2,3,13.57,1,1
728,3,0,35.1,1,0,5.0,2,0
729,1,0,24.3,2,0,16.53,1,1
730,1,0,29.8,2,1,8.56,2,0
731,1,0,36.6,2,3,54.67,1,1
732,3,1,30.1,1,1,13.17,2,0
733,3,1,24.8,0,3,56.24,0,0
734,3,1,28.7,0,3,5.0,1,0
735,2,1,28.9,3,2,11.77,1,0
736,3,1,25.6,3,2,8.83,2,1
737,2,0,26.9,1,2,8.51,1,0
738,3,1,49.2,4,1,5.0,1,0
739,2,1,36.7,0,2,6.63,1,1
740,2,1,26.5,3,2,25.95,0,1
741,2,1,38.4,0,0,11.02,0,1
742,2,1,26.0,1,3,17.29,2,0
743,3,0,44.1,1,3,15.14,0,0
744,3,0,34.4,4,2,66.77,2,0
745,1,0,28.7,4,3,75.42,0,0
746,3,1,35.4,1,0,21.73,2,0
747,2,0,11.1,3,0,12.82,0,1
748,3,0,16.5,0,2,5.0,0,0
749,3,1,15.7,2,0,98.12,2,1
750,3,1,31.7,4,3,5.0,1,0
751,1,1,50.8,2,1,11.31,1,1
752,3,0,56.8,3,3,11.33,0,0
753,3,0,37.7,4,1,12.36,2,0
754,2,1,36.0,2,2,5.74,1,1
755,1,1,8.4,3,1,48.92,2,1
756,3,0,23.5,0,0,5.0,1,0
757,3,0,20.5,3,3,32.24,2,0
758,3,1,22.5,4,1,5.0,0,1
759,3,1,28.0,1,3,5.0,2,1
760,3,0,24.3,0,2,76.85,1,0
761,1,1,6.2,2,2,6.75,0,1
762,2,0,39.0,4,0,55.1,2,0
763,1,0,17.1,1,2,25.17,1,1
764,3,0,32.9,3,1,5.0,0,0
765,1,0,54.9,1,2,99.56,2,1
766,3,1,19.0,4,0,9.08,1,1
767,3,1,1.0,4,3,62.83,2,1
768,3,0,26.6,1,3,5.92,2,0
769,2,0,43.2,3,2,61.56,0,1
770,3,0,53.5,1,1,5.0,0,0
771,1,0,15.2,4,0,22.94,1,0
772,3,0,36.0,4,1,46.95,0,0
773,1,1,24.4,2,0,87.37,1,1
774,2,1,28.7,2,2,76.77,2,1
775,3,1,61.7,0,0,54.81,2,0
776,1,1,12.0,4,0,70.11,1,1
777,1,0,33.0,2,2,7.11,2,0
778,3,0,35.6,1,1,10.7,0,0
779,3,0,43.0,3,2,10.91,2,0
780,3,0,31.2,1,0,15.15,0,0
781,3,0,33.7,3,2,15.99,1,0
782,3,1,25.3,2,0,25.17,1,1
783,2,0,33.2,0,2,5.57,2,0
784,2,1,25.9,1,3,37.61,2,1
785,1,1,37.5,1,3,5.87,0,1
786,3,1,25.6,1,2,11.89,0,0
787,3,1,34.5,3,1,22.4,2,0
788,2,0,29.6,2,0,50.94,2,0
789,2,1,43.5,1,3,43.04,1,1
790,3,1,29.4,1,1,33.19,1,0
791,1,1,8.7,0,0,5.42,1,1
792,3,0,45.1,0,3,25.34,2,0
793,3,0,19.1,2,3,5.0,2,0
794,3,0,22.2,2,2,15.16,2,0
795,1,1,22.9,4,0,17.08,1,1
796,3,1,46.5,0,1,5.0,2,0
797,3,0,4.4,4,1,10.25,0,0
798,3,1,67.7,3,1,99.7,2,0
799,3,0,42.7,4,0,98.28,2,0
800,3,0,32.7,1,1,13.9,2,0
801,3,1,29.3,4,1,5.0,2,0
802,1,1,33.4,2,1,6.32,2,1
803,3,1,36.3,3,2,15.93,0,0
804,3,1,37.7,1,2,94.47,0,1
805,2,0,36.7,4,0,5.0,2,0
806,3,0,31.1,3,0,46.14,1,0
807,3,0,27.6,3,1,5.0,2,0
808,3,0,28.2,1,2,127.26,2,0
809,2,0,27.7,4,3,15.38,2,0
810,1,1,43.6,3,3,47.77,1,1
811,3,0,37.1,3,1,13.42,1,0
812,3,0,1.0,0,1,31.62,1,0
813,1,0,37.9,3,2,6.82,0,0
814,3,1,32.3,0,2,5.05,1,0
815,3,1,29.8,4,2,89.01,0,1
816,3,1,25.3,4,0,79.9,0,1
817,3,1,43.5,4,0,69.9,1,1
818,2,0,41.4,2,1,31.42,1,0
819,1,0,20.7,4,0,52.85,1,1
820,2,1,34.9,3,2,5.0,0,1
821,3,1,18.3,1,2,13.04,2,1
822,1,0,13.4,0,0,12.05,1,1
823,2,0,22.5,2,3,32.31,1,0
824,2,1,40.3,4,1,14.08,1,1
825,3,1,41.4,4,3,5.14,0,0
826,3,1,36.2,1,1,29.04,0,0
827,2,1,38.7,1,3,53.89,2,1
828,2,0,36.2,2,0,15.41,1,0
829,3,0,22.3,0,1,5.0,0,0
830,2,0,35.2,4,1,7.01,2,0
831,1,1,39.6,2,1,8.68,1,1
832,2,1,39.1,3,2,11.41,0,1
833,1,0,44.3,3,2,32.94,1,0
834,1,0,38.5,2,3,29.4,1,0
835,2,0,34.2,4,0,38.11,0,0
836,2,0,42.8,2,2,14.41,0,0
837,3,1,29.7,4,1,55.59,0,1
838,2,0,19.4,1,2,7.3,1,0
839,3,0,28.0,2,0,20.26,1,0
840,3,0,21.1,4,2,51.65,2,1
841,1,0,21.9,2,1,6.36,1,0
842,3,0,28.3,2,3,5.0,0,0
843,1,0,20.5,4,1,68.85,1,1
844,3,0,26.3,4,0,13.44,2,0
845,1,1,7.3,0,3,36.85,2,1
846,2,1,32.6,2,2,5.0,0,1
847,1,1,30.0,3,2,37.48,0,1
848,3,1,20.2,2,2,12.16,2,0
849,3,0,37.9,2,3,5.0,2,0
850,3,1,41.3,4,1,30.12,2,0
851,1,1,10.7,2,3,8.82,0,1
852,3,0,20.8,2,3,15.65,2,0
853,1,0,20.8,3,0,5.0,2,0
854,3,1,18.7,4,3,5.09,0,0
855,1,1,40.0,2,2,11.32,1,1
856,1,0,27.7,1,1,5.0,1,1
857,1,1,26.8,0,1,77.35,2,1
858,2,0,6.0,3,1,5.0,1,0
859,3,0,37.6,2,2,21.16,1,0
860,1,0,15.1,1,2,5.0,1,1
861,3,0,30.7,2,2,11.77,1,0
862,2,1,33.3,2,2,83.34,2,1
863,3,0,46.3,4,2,5.64,1,0
864,2,0,14.3,4,3,108.05,1,0
865,2,1,1.0,4,2,7.37,0,0
866,3,0,32.2,1,2,43.3,2,0
867,1,1,51.6,2,2,25.32,0,1
868,1,1,44.9,0,2,69.07,0,1
869,3,1,32.5,3,1,25.84,2,0
870,3,0,24.1,4,2,24.47,1,0
871,2,1,39.7,4,3,6.96,0,1
872,2,1,18.3,2,3,5.82,2,1
873,3,0,35.7,2,3,79.45,1,0
874,2,1,36.1,1,0,12.71,2,1
875,1,1,42.7,1,1,14.89,0,1
876,1,1,63.1,4,2,45.64,1,1
877,3,1,34.7,2,0,13.24,1,0
878,3,1,23.9,0,2,97.21,2,1
879,1,0,29.7,3,0,42.85,1,1
880,1,1,8.8,2,0,29.12,0,1
881,1,1,21.7,2,3,68.09,0,1
882,3,0,25.1,1,3,5.0,0,0
883,1,0,23.7,3,0,9.51,2,0
884,1,0,31.8,4,3,20.02,1,0
885,3,1,20.1,2,0,8.24,1,1
886,1,0,43.5,4,1,43.59,1,0
887,3,1,30.0,2,3,80.51,0,0
888,1,1,29.9,4,3,17.64,1,1
889,1,0,26.1,3,3,13.4,0,0
890,1,0,31.9,1,1,104.27,1,1
891,3,1,39.9,3,0,18.83,0,0
892,3,0,19.6,0,2,21.49,1,0
893,3,1,22.1,1,3,13.87,2,0
894,2,0,26.4,3,0,76.89,2,1
895,3,0,13.8,0,1,26.93,0,0
896,1,0,20.2,2,2,45.96,0,1
897,2,1,24.3,2,3,53.45,1,1
898,3,0,40.5,4,1,13.39,1,0
899,1,1,33.2,1,1,18.2,2,0
900,1,1,32.3,2,2,60.38,1,1
901,1,1,40.2,1,0,14.44,0,1
902,1,1,28.4,2,3,50.55,0,1
903,1,0,34.7,4,3,90.56,0,0
904,3,1,28.8,3,0,31.23,0,1
905,2,1,33.2,4,0,43.31,0,1
906,3,0,23.0,0,0,52.33,2,0
907,3,1,1.0,2,2,59.67,2,1
908,2,0,28.4,0,2,16.08,0,0
909,2,1,47.1,0,3,5.0,1,0
910,2,0,41.1,1,2,16.45,0,0
911,3,1,41.6,2,1,35.84,2,1
912,2,0,44.8,0,3,19.15,0,0
913,3,1,31.1,3,2,44.23,2,0
914,2,1,32.4,0,0,14.13,2,1
915,3,0,22.6,3,1,32.23,0,0
916,2,0,26.2,1,0,6.6,0,0
917,2,0,37.4,0,3,44.28,1,0
918,3,0,44.4,4,0,25.25,2,0
919,3,1,28.3,1,2,7.3,1,0
920,1,1,24.6,3,2,11.05,0,1
921,3,0,30.0,1,3,44.18,2,0
922,2,1,37.2,0,0,21.09,1,1
923,3,0,12.7,2,3,7.79,1,0
924,3,0,2.4,2,0,109.42,1,0
925,2,1,23.4,3,1,40.18,0,1
926,1,1,15.4,3,2,100.79,0,1
927,2,1,23.9,2,3,17.83,0,0
928,3,1,28.2,3,1,20.63,2,0
929,3,1,24.6,1,1,73.03,0,0
930,2,1,47.4,4,3,23.83,2,1
931,1,1,33.9,4,3,39.31,1,1
932,3,0,33.6,1,1,9.3,1,0
933,3,0,37.5,4,0,18.94,0,0
934,3,0,16.3,0,1,5.0,1,0
935,1,0,42.5,1,3,7.38,0,0
936,2,0,29.1,3,1,5.0,2,0
937,1,1,38.0,1,0,5.0,1,1
938,3,0,17.1,2,2,121.11,0,1
939,1,0,11.4,3,2,8.88,1,1
940,3,0,39.8,2,1,34.84,1,0
941,2,0,34.5,3,0,58.46,0,0
942,3,0,19.2,4,2,25.6,1,0
943,3,0,19.6,1,1,5.32,1,0
944,3,0,43.5,0,1,41.68,1,0
945,1,1,15.7,3,0,29.34,1,1
946,1,1,49.7,3,3,42.05,2,1
947,1,0,19.2,2,1,46.99,1,1
948,3,1,37.7,4,3,118.57,1,1
949,3,1,26.1,2,3,27.27,0,1
950,3,1,37.2,2,2,13.38,2,1
951,3,1,23.5,4,3,33.45,0,0
952,3,0,28.0,0,0,5.0,0,0
953,1,1,30.5,2,2,72.86,0,1
954,3,1,18.0,2,2,5.0,2,1
955,2,1,38.9,3,2,12.71,0,0
956,2,0,23.8,4,1,54.13,0,1
957,3,0,27.3,1,1,29.11,0,0
958,1,0,18.1,0,3,16.01,1,1
959,1,0,1.0,0,2,20.52,0,0
960,3,0,27.7,4,2,61.69,2,0
961,1,0,59.0,3,0,13.3,2,0
962,3,0,39.4,3,3,65.2,1,0
963,1,1,29.8,4,0,5.0,2,1
964,2,1,26.8,3,3,47.99,2,1
965,2,1,30.3,0,3,60.19,1,1
966,2,0,36.6,0,1,6.42,0,0
967,3,0,15.8,1,1,18.01,1,0
968,2,0,43.4,4,0,5.79,0,0
969,3,0,38.6,2,3,39.24,0,0
970,2,0,38.6,2,2,24.53,2,0
971,3,1,35.3,1,1,32.28,1,1
972,3,1,30.2,1,2,7.0,2,1
973,3,0,38.1,3,0,7.61,2,0
974,1,0,37.1,1,1,5.0,0,0
975,1,0,25.8,1,1,12.44,2,0
976,2,0,23.1,2,3,26.25,1,0
977,3,1,31.2,3,0,62.45,2,1
978,1,0,48.6,1,3,35.18,2,0
979,2,0,15.1,1,1,18.29,0,1
980,3,0,12.4,3,0,97.93,1,0
981,2,0,32.0,4,1,40.65,2,0
982,3,1,30.6,3,0,85.17,0,0
983,1,0,32.1,2,1,24.0,2,0
984,1,0,32.9,4,2,9.59,1,0
985,3,1,27.3,0,2,5.0,2,0
986,2,1,47.9,3,3,41.44,2,1
987,3,1,10.8,2,2,5.0,0,0
988,2,0,20.1,4,1,11.54,2,0
989,1,0,28.8,3,1,24.33,0,1
990,3,1,10.3,1,2,26.59,1,1
991,3,1,27.9,3,3,29.37,2,0
992,3,1,49.9,0,2,5.82,1,1
993,2,1,30.3,3,0,15.28,1,0
994,3,1,32.8,4,0,30.73,2,0
995,2,1,14.9,4,0,112.02,0,1
996,1,0,22.6,3,2,41.62,1,1
997,3,0,25.5,4,2,81.88,1,0
998,1,0,26.2,1,2,45.96,2,1
999,3,1,45.4,3,0,28.67,2,0
1000,2,1,36.7,1,3,6.82,2,1
