area,price
1360,463036
4272,1140770
3592,871438
966,320595
4926,1164933
3944,919389
3671,932021
3419,956436
630,398315
2185,780879
1269,449919
2891,916760
2933,760634
1684,701911
3885,932294
4617,1335629
3404,939362
974,394452
1582,652446
3058,907398
2547,694465
3247,956723
1475,482347
2306,840666
689,293383
3234,973410
3505,933904
2399,764516
1767,658481
2028,626461
3702,930314
4056,1032689
4390,1238269
1146,464646
3388,880234
2935,744709
1100,381610
2863,909904
2561,719176
741,225608
2541,674719
3324,833302
3112,921084
1863,676193
1978,581905
3056,762152
1275,468700
4514,1092392
534,244907
3652,1032295
2455,834797
2085,534783
4443,1149090
3573,960905
1521,507079
3961,972322
3113,823353
4343,1071738
2000,652761
661,440797
4797,1078851
2481,807820
1495,538508
3842,923170
4298,1108560
1775,690346
1516,596935
837,484003
1378,482596
1576,459293
4493,1239029
879,426212
992,428236
2562,765938
4384,1155674
564,200467
3068,857125
2527,673390
3195,1027697
1995,572457
891,533856
4974,1355324
4061,1101093
2778,736125
3599,1100841
700,461937
3604,868432
2954,885802
4145,1077067
1304,388509
3231,976953
3273,833967
2070,599783
3190,852480
4340,1255761
1528,648978
1002,352339
4993,1291064
1370,383912
4988,1336545
706,286177
1984,566454
1363,648432
3290,928005
1063,356664
4691,1246552
2257,628514
2178,689420
3742,1129224
1559,619119
2222,736821
3814,1094296
3657,837757
3125,869498
3229,819631
2097,650148
3560,975608
3193,907474
4127,987031
1863,524171
2481,654658
2163,685977
2029,491575
2538,725136
3802,1119524
2737,738358
1806,543066
4529,1139467
3175,870068
1782,589948
1209,375173
4913,1373703
4248,1172233
1163,374121
2498,780623
3945,1151074
4243,999110
1995,500983
3804,1086478
4263,1024450
2353,778672
1791,686994
4081,1100723
3957,973382
2136,512236
4196,1080472
3499,1030647
3652,1018059
1198,596431
2660,809752
4597,1176773
1354,568297
3974,913523
2207,584331
3277,864200
2233,771643
4010,1157229
702,404012
3755,1134975
4718,1211073
4996,1282454
1266,417293
4889,1267023
2827,860762
3431,879981
697,295485
2430,704185
4082,1203899
1108,289809
3772,995581
1647,593935
4782,1223975
3897,915894
3011,779404
2294,597445
1159,318865
3311,1039902
1869,742413
2486,864520
646,400462
3719,926566
3411,1024515
2234,666940
2343,712107
988,561275
3476,938516
2459,662452
2885,745800
3419,989524
2302,714880
4561,1229559
3869,932349
762,309250
1123,410513
1516,557266
4143,1139488
2549,693160
4223,1220086
3608,1005621
4590,1191685
2556,659953
3670,1103725
2182,671335
2755,733527
1654,585335
4999,1169913
3691,952284
2196,746317
4491,1250345
2148,650123
1945,460593
4699,1359425
4423,1066701
753,359509
3683,1052303
3057,807240
598,394088
2700,766114
3461,983707
4933,1247700
4277,1026959
3369,877908
3734,1087934
4291,1051099
1456,491910
4567,1349837
660,269457
4993,1280107
1800,476402
4487,1089250
2027,572205
1718,580086
4996,1333397
3604,911955
3235,991984
1454,434045
3946,892021
1545,578027
2193,743143
3936,1071830
1062,471154
2985,754873
3854,1006982
725,295241
1459,571842
3567,1078087
1315,351097
3620,916840
516,322671
1743,458520
2705,827730
3024,794943
1569,552396
3944,1037541
3065,880544
1560,388184
2827,927402
3920,1040063
801,349588
4776,1262578
1106,360442
3670,988743
1199,401732
1639,492395
690,442578
2800,917151
1480,625295
3475,858141
1684,448765
3827,971151
3894,954873
627,285208
2565,729288
2316,766536
1069,355101
2395,732129
3233,957668
4363,1175991
4514,1049157
3401,971191
2186,671144
3509,974384
654,315359
3037,960909
1909,715215
4557,1244308
1284,435037
3675,964881
4841,1323845
3306,905977
1037,544537
2341,776601
2955,740848
1024,289507
3450,888160
4631,1305199
4615,1112951
2868,866217
4347,1129407
4995,1195882
3201,834761
1471,538367
1666,502487
3274,1013835
2482,642765
1353,348609
4646,1230393
4236,1215598
4269,1091983
1074,590468
3761,875716
1648,425152
2215,523629
4354,1042121
2991,833993
3160,945492
3624,883578
3551,875384
504,257022
1376,484769
1491,462914
4642,1102700
4864,1338752
4965,1335718
1135,420293
2193,545589
2182,748078
619,281748
1330,409371
4175,993950
1869,740465
1240,444520
616,210789
3338,963762
1650,674643
2431,661649
1512,542211
2164,598985
1581,620139
1012,289168
3349,1028639
1059,512502
4172,1003515
3843,924832
4570,1308873
1970,653465
1080,432919
2794,821968
3647,1114005
4749,1199474
2179,727065
4006,1046944
3244,916711
3856,1057751
4545,1075192
1743,571602
3618,1012408
2641,687896
3559,1109220
3459,939649
2765,711747
2979,940846
2135,727266
2257,817204
4952,1306800
2570,843618
3349,956106
3751,969953
4230,969975
2989,776323
2131,588527
3316,823046
1515,585973
1848,656156
3587,937848
3339,877094
835,480637
1395,630083
4046,967616
1351,443801
2187,752017
2431,614560
4246,1174088
2927,781359
2068,772448
4500,1123132
3238,857043
3998,1222779
4413,1165974
1566,507088
4880,1175151
2944,922448
4607,1142617
3873,1140838
4469,1213454
3046,896755
1253,473606
2582,830815
3274,882161
3396,818465
4685,1123797
1275,517307
2125,566759
3569,1044262
917,394637
614,250325
1116,304726
4474,1043692
3767,943703
1325,422142
2016,595134
3646,975658
912,467265
1228,505334
3848,1064575
3308,893516
1175,425801
3965,1055970
3004,734240
3467,969166
3286,925525
1622,622123
4579,1040428
2071,733970
2643,682710
2187,768068
4632,1041523
4351,1088985
3940,1126438
4266,1050182
2826,721554
3414,993600
4452,1178895
1095,525516
1228,588164
1865,607592
4992,1253508
1198,375700
895,430204
4671,1356987
4860,1204256
3002,762390
2319,729906
1217,563731
3282,886402
4077,1061510
643,273313
3640,879892
4991,1239874
3438,960739
4136,1095611
3722,871210
1667,662996
3116,813405
1562,422299
2656,668767
3482,856075
3794,1057645
1656,458384
1232,426000
4830,1282564
1453,460812
3039,950557
3824,978524
3801,964529
2042,754820
1691,559854
3493,907390
3181,976807
1717,621152
2040,668509
3736,891270
2886,905597
4219,1035571
1888,522408
2356,610089
1865,585916
999,371411
2180,717211
1010,358049
4812,1196504
1824,579029
1655,505531
2327,663808
3641,954459
3986,1156657
2310,836228
3423,841940
2714,831521
4686,1128890
1213,367518
4102,1032277
4634,1048788
4022,1039218
4768,1139979
1743,621425
4209,1116192
1581,592760
955,481869
1394,538431
1884,583293
2458,759147
3572,1051879
2496,634435
4785,1164032
1004,479554
1714,701269
2031,568157
3940,1123071
1323,526173
1428,599670
633,301740
2605,789392
4127,1165986
2352,765356
4675,1269072
3433,892760
3784,896239
4798,1354678
3311,1014376
1750,452176
4012,1001308
1756,513802
3876,1044073
3986,1043373
4084,1025364
1896,671015
4137,1162164
3830,951486
3203,754327
970,506165
1853,496183
3283,890903
3331,951878
857,385318
3519,900748
1167,444143
4968,1209108
1645,536637
4685,1143141
4219,1239742
3245,926550
1039,330026
3279,967318
4636,1102747
4275,1031403
3008,753503
3279,793421
1424,627206
3456,894172
2081,528458
3824,979334
4985,1128239
755,431560
2338,778094
2444,671288
509,210342
3371,1040226
1297,470312
1515,646315
2324,565177
4969,1196458
3636,872867
2693,796927
723,419049
4658,1155747
4425,1136990
4500,1182394
2133,709084
2652,771610
1010,350158
884,338452
904,544139
2500,714389
3256,943940
2168,639133
1960,564892
4136,945971
3224,1010093
4678,1213676
2548,824217
4646,1218187
1216,323550
2323,640596
2581,781067
3919,1020352
2074,724323
749,426434
1173,500636
2665,609251
1270,431933
4462,1231124
4863,1323885
2484,830393
1577,588447
735,309663
888,363392
3537,1052536
2348,695270
3314,906740
3874,1007472
3778,1042870
1752,494943
4481,1129475
2622,777448
2650,812444
1829,623810
1858,700921
2982,764612
2517,839987
1831,498980
4844,1327709
4761,1172006
1858,484929
3677,865766
2628,721833
2680,757952
637,228436
3972,1034080
3332,920815
4079,1000823
3531,1028741
4664,1115113
3093,734453
4800,1235693
4318,1221148
4638,1113929
4323,1137349
4542,1186089
2406,647056
1260,494301
3945,960474
1399,522640
4955,1378067
3447,802084
2219,702563
780,251955
3766,992804
2387,666339
3766,1129232
1166,427581
4688,1095839
1171,447067
2469,802520
4656,1112425
3622,873917
4400,1119812
1023,446590
2893,917132
3617,1078249
3093,763576
2468,640695
2253,798623
2796,817271
2761,757099
2786,869223
4702,1280886
3378,948736
4643,1291100
4144,1040857
4932,1322524
2555,775395
1776,611952
3266,874125
802,415708
1138,559177
555,421901
1025,403834
4623,1265410
2625,664939
3787,1128701
864,449962
2146,569055
1418,388072
3297,821973
2031,537685
3845,962436
2406,749320
3586,824122
2575,792230
1213,453276
1562,636950
2476,791367
1796,551862
625,220845
4096,1010193
3783,997963
2103,803064
566,214050
732,308669
2656,790330
1669,530453
2658,897692
4706,1186358
1993,496534
4507,1230631
2972,723429
3160,980511
3239,816203
2261,739556
4014,1153815
2475,714486
2862,694370
1376,368098
4312,1110054
3948,1110283
1812,715167
1960,580349
3209,915765
2824,741600
2233,682191
2105,749292
3063,800390
3921,944535
4017,968473
2897,790134
4235,1207949
3370,1031116
1660,534562
742,321812
3090,934442
1563,693376
4824,1351288
3095,798700
1419,523660
505,293162
967,271619
4670,1165403
503,351343
1145,364648
617,292105
3428,983405
3051,1003177
4789,1177109
1346,406790
3262,840128
1641,477113
2310,847783
1223,526647
724,306680
4708,1201887
2548,746067
4915,1200928
2073,725500
2328,741167
2417,835113
4734,1205232
2526,646880
4244,1236832
1401,436466
2539,674405
509,316658
760,305048
2173,727585
2719,753257
2560,778123
4213,1217756
2119,692369
820,321795
1842,709628
2876,797412
3332,870491
3324,927941
2494,784848
3458,876904
2538,736064
3990,1080514
4177,1108147
1618,539157
2104,619625
4527,1250930
735,300563
2469,592106
4929,1217297
2408,646475
875,369020
4030,1021513
3135,953803
2070,576061
3060,957571
3891,1025957
3465,882023
4143,1106340
4350,1257576
1372,590056
1752,656781
1814,697438
3398,953093
577,241229
3121,778846
4727,1215230
1100,525352
1565,531650
2636,663589
2949,871076
2843,919691
2363,610617
1818,726440
4097,972043
4262,1071946
2690,687479
1492,638512
3212,740257
2692,728751
1748,477631
3554,851524
4533,1043017
2497,722604
4187,1172663
2651,660343
4518,1053811
3610,903142
2470,642636
697,343208
3126,918763
1702,545771
2535,702011
977,430335
1754,564800
1422,585021
919,348916
2704,740730
3097,776440
1620,538953
3568,1019184
1450,583997
2836,722600
2743,832721
3145,972117
2357,620372
2365,642892
3412,784277
3353,808107
3728,1011669
4219,1071886
3728,1074777
2871,707396
3391,876052
4256,1176548
4725,1326792
594,367129
3174,983429
2455,619517
1293,411654
2334,605195
2616,715742
4606,1173984
3825,975594
3419,881935
3097,879274
3705,911106
1314,447470
845,522018
2849,776702
862,273035
2943,922746
2765,771216
2688,757130
3505,906414
3781,936284
1484,652505
2139,556506
1327,542254
3230,872257
4031,1102092
4951,1302929
3435,959014
4376,1141819
626,383334
3677,914149
3556,977424
1103,335474
3949,1138166
4646,1175403
4033,1014116
3867,1078352
3868,1113675
4297,1164290
2292,761295
3361,947134
3976,1038916
3917,1019126
2145,640052
1705,587218
3530,1059128
3372,932797
3572,957566
2354,732335
4521,1140569
3208,913950
4002,1157710
1832,730944
701,405578
4007,1046136
4712,1265798
1074,353527
1036,381418
2125,662648
2622,783162
885,338792
3781,1044345
974,514274
917,366301
4100,1066336
1454,509517
1705,434351
4620,1213663
2490,703598
4072,1128301
4880,1144535
4658,1237626
3213,958107
2703,760912
3620,978744
1466,518097
3932,954094
1188,574100
4743,1312441
4201,1044850
841,409119
2224,771980
4922,1253902
2292,617499
2259,724126
3712,1030258
1489,596294
2762,741635
2982,732208
1451,400534
1222,534041
3889,1148158
2579,777816
3217,821726
2832,691799
3876,1132950
2000,674071
785,458349
3995,1118812
2565,780933
1268,384584
3557,891198
4789,1196816
2661,757167
3793,984859
1446,584658
3835,1087250
4650,1249377
1981,769504
2401,710412
3951,1137280
4564,1081840
554,419467
2323,728575
3962,927719
3579,922675
1332,621969
4908,1180587
3306,1006800
2990,807085
827,412153
3810,1002101
3800,979015
4175,1233193
3554,1097827
2643,882623
1811,485962
3691,1089373
3038,931890
4483,1217752
664,232339
4777,1252415
1322,622084
1443,516595
4925,1185156
1274,533173
2698,747627
3656,953844
4742,1304454
4195,1118386
3952,925160
1414,561280
1808,662015
4677,1076671
1013,402093
2420,629610
4094,1205691
1909,671103
3690,885791
4991,1172893
2055,758788
1304,402150
1779,506467
4077,1008146
3401,966404
1887,691674
3261,830682
3179,957043
2606,840738
4723,1247337
3268,957278
4453,1101098
3686,1113171
3780,964747
3073,918883
3099,982391
4533,1236584
736,383315
1804,512705
3930,889336
1801,564451
3041,787798
2551,635941
941,317010
2576,665284
3680,972226
3157,781706
4298,1128079
1304,492972
574,174065
2675,781759
4424,1119321
2589,648965
540,386625
2581,736265
2122,662239
841,386321
4552,1293755
2574,793354
1145,500852
4763,1201886
1109,360171
954,351573
3453,834476
2208,627057
3972,999783
3469,894325
3528,1037106
3181,735072
4129,1154559
4725,1202581
3567,930831
1886,550186
4276,1164805
3366,859599
3863,1145258
4624,1163501
648,262560
4350,1064933
2558,719328
1636,466985
686,383162
3354,947309
1750,539865
1833,579472
4693,1324084
4650,1194265
3211,756181
2285,694271
1250,440143
2262,557090
4420,1065695
4960,1244863
981,453406
653,469935
2024,565584
2620,837707
2843,767567
1740,560673
560,316458
1438,594487
2139,552214
4620,1235166
4726,1251219
4069,1057914
1752,640735
4703,1150740
671,360888
1958,689821
4049,968493
4697,1215445
2822,707026
2136,757045
3615,910358
4590,1292781
3504,829753
829,308101
4140,1139243
4394,1033830
4607,1328866
1841,507890
4163,980991
715,249331
838,364781
4562,1222168
3208,905647
3652,879634
2250,623097
2921,743553
1209,423193
4226,1147034
4142,1176536
4493,1109756
988,257351
546,278624
3859,1130487
900,494925
4490,1016353
3657,911273
4845,1129890
890,296039
4353,1099496
4930,1254679
1128,569515
4732,1287288
3430,932633
2021,576443
1326,458084
2000,577813
3794,962981
2919,767463
1434,411788
3542,966392
4997,1324802
1966,688489
4061,1171058
1114,388119
1682,632884
3723,897256
3167,907505
630,252048
3483,835416
4778,1116349
4959,1128843
538,284021
4459,1160970
4087,1063407
1420,478399
3269,876620
4611,1191445
992,411309
1631,521709
4021,984117
810,462368
1238,371342
3741,921532
1045,352667
2961,902081
4846,1127394
2304,660261
3712,1029322
4310,1060891
1313,393794
4624,1271009
2532,704843
4913,1266440
744,378163
771,403256
4011,988416
2271,782172
1762,428753
2924,908946
4861,1274719
1420,572646
3930,1172177
4935,1295513
4984,1207201
3124,936903
4260,1189552
2550,647382
4000,942261
1665,543804
875,292481
2533,792523
645,352350
4888,1378345
931,485066
1204,449071
3132,821550
4994,1192402
1463,569649
2734,856982
2541,760085
2328,679232
2608,775501
4568,1014146
1438,477176
1306,568061
1963,647672
3915,1072808
510,356028
2368,728111
1384,649702
4064,1051072
1889,534625
3901,942978
4821,1291758
1324,413410
2765,888344
1436,450180
3300,787661
3053,948845
4345,1075249
2296,658006
553,230397
1226,375035
3236,813189
3670,1093428
2413,860259
2096,742771
2414,704030
2966,852092
3237,742960
1349,587086
2609,684901
502,212456
4755,1299990
4569,1182514
1392,434214
2530,659222
3660,937761
2876,916279
2433,773983
1880,577330
4181,974957
1790,580035
2140,756404
3182,977129
1487,553696
1718,665675
1855,482253
4765,1195170
4635,1168125
2060,574095
1918,682743
1454,554385
1483,586263
1474,498346
4633,1212195
4472,1117380
1413,479784
536,357224
3887,1157917
2211,716009
3520,872287
1295,553032
4536,1168049
3611,953622
1824,679569
817,269388
2896,693512
2662,800142
3245,955870
2091,625095
3611,888727
4430,1131298
2496,722844
1812,594606
1785,698452
4811,1351023
2883,804665
3739,908485
2639,791601
2204,690712
862,371367
3104,901557
2216,640517
4951,1211133
4786,1322099
4238,1073585
2969,774291
1056,444337
1325,463136
3308,1029977
3219,977625
4008,1163484
4241,1014904
2074,663040
4498,1166097
2629,610197
2903,868108
3829,915990
1088,413874
2512,745949
2047,669426
794,408907
2485,688442
3617,1030059
2190,693410
1636,464285
2564,652997
4955,1191407
1507,461283
3014,800981
4026,936046
1747,502573
4402,1218594
1935,574452
1071,441481
2882,832290
1745,476363
2584,652173
777,457354
2387,620925
1765,623221
1540,521359
1417,541842
1385,440889
3252,981857
521,329624
3691,1106019
2853,770848
1186,444905
784,299775
4247,1058614
1262,555268
2928,915455
3007,701733
528,251500
1406,448230
3604,1028864
4499,1202586
3494,886302
3006,893880
4109,1077024
4053,974810
1953,505577
3856,1142882
1015,496818
538,390809
3842,876545
1386,471203
3344,834499
2704,802464
1598,585570
2323,634731
3701,942327
3655,1031041
3593,953770
4030,991028
4278,1177188
3396,945996
3953,1053607
4011,1025374
1488,620908
4616,1120293
4526,1262632
4679,1215098
2182,699644
4463,1074714
1433,397242
4098,1064755
3733,863191
2480,835003
2355,680233
3556,873528
1292,345361
1291,486967
2309,715420
2755,728708
4110,1021733
2107,644423
1484,572205
4176,1077809
3880,928905
1019,386019
1090,519556
1550,637804
4133,1057407
4944,1153388
1459,509321
1192,500205
4399,1144557
4973,1193188
3446,890621
1026,436855
3724,1109454
2753,835987
3844,1035066
4465,1071738
2375,660843
2263,671963
1020,510744
1516,387134
616,225769
2933,753351
1083,357912
894,512449
4288,1238943
3268,872905
4667,1174083
4360,1112579
773,457365
2513,671201
4933,1287686
1889,592539
4066,1065928
665,431770
2067,551682
1228,429473
2543,745322
4697,1290765
3996,995005
1278,638032
713,477682
4262,1144857
2076,772023
2948,890767
3436,988973
3617,962239
1091,399950
3220,928673
1213,553229
1435,493879
4837,1291123
501,277471
3348,930321
4544,1093865
2449,693247
1417,411772
3674,934710
2741,626497
589,353773
2209,796544
2669,746642
4738,1324291
3541,869109
605,208955
1386,420457
927,505065
2395,565824
816,304985
1134,445592
2425,638476
2556,804544
3644,881511
2770,808734
1939,492798
1052,526011
1215,364406
4411,1096151
2213,591408
3889,909989
1607,553767
4706,1261195
750,471012
2930,678056
2554,679708
958,289425
707,243191
1399,434905
3961,1031741
3885,1017910
521,238741
909,322785
1394,514317
1014,346518
4609,1218908
2634,699677
4095,1034710
3456,847466
2060,492731
1766,536494
2669,836446
4138,1138390
1249,563274
3927,929967
2427,629761
4304,1160143
4202,1123705
2856,914563
2835,785924
806,387786
4165,1109664
2489,596816
1161,339724
811,377215
3420,855555
1582,472046
3471,974256
1254,591213
4630,1101656
852,270467
1402,487922
4388,1172259
658,395267
2477,773232
1456,606589
2571,879233
903,326519
3279,841576
1887,506245
3953,1108748
1455,523927
2212,502943
1773,715871
4311,1055141
3125,888107
2882,823895
1941,732499
3479,865185
2297,712608
4890,1361314
4509,1136413
1894,711027
4781,1209606
1769,569858
4214,1152484
1029,500981
4123,996751
3458,885488
3414,997559
4091,1044937
2647,811913
3869,1020188
1439,595086
1025,500239
501,266882
874,416300
2840,769695
4505,1156535
3552,850355
2865,792192
2025,665367
4976,1303413
2146,748529
513,398236
2778,699681
3655,1077173
629,277765
4314,1201101
3716,938842
3438,875792
4428,1240360
2540,842805
527,406425
2613,748946
1752,551431
4856,1246887
2546,781158
4523,1333695
4896,1121476
3874,973615
3966,1077312
3581,1011173
4278,1055416
1129,339378
769,377232
3139,843868
2493,639528
3391,804006
3932,1121307
1780,470579
2860,883320
1075,379614
1807,591680
3692,946690
3678,961429
3234,928107
2712,763136
2852,878582
4068,978966
2155,607243
2079,704479
2703,858185
1890,617308
2242,586669
2425,774909
1119,439003
1774,680841
1456,533281
2439,662139
4453,1128188
2881,789798
1468,498183
1816,704243
1543,475815
781,368440
3344,845448
1558,371514
4793,1207881
3032,959095
4328,1171975
1508,547403
1729,518132
1535,487371
775,294568
3240,982329
2789,893712
1739,658244
625,240888
4565,1230907
4812,1231946
4368,1074839
1708,493162
3749,983349
1418,374235
4423,1282258
4903,1193936
2469,672119
3293,1020634
1391,479015
4970,1367756
2533,825947
1864,703126
628,392749
1514,570621
2299,728122
2018,570364
4681,1100791
1698,577170
4373,1033886
2974,894993
3985,993960
4549,1052101
4219,981998
802,349977
4452,1089031
1486,517422
2363,806024
4940,1384720
3572,1098198
3624,1033816
1827,581361
2908,790523
4173,1030851
3791,1033193
4533,1122162
1203,365753
1074,317391
3732,893365
3132,759257
4328,1117214
3730,1079064
988,373443
1847,541869
4181,1121334
3673,987360
2167,744294
2137,730329
4614,1187384
4053,1043243
1500,492106
1350,456502
1888,673063
4212,968707
1867,569316
1321,447929
954,478184
2124,627479
3272,860554
4226,1165489
3647,1038742
4589,1190968
2690,723147
1416,592402
4486,1159824
3375,825200
1940,644600
4900,1177878
1235,405876
4068,993737
3838,1001736
3515,881627
3389,880896
1461,551078
3489,839855
4348,1075525
1526,548251
4365,1084678
3363,867448
3001,849192
2447,812760
1677,581579
511,322154
4899,1179166
3864,969880
3522,953629
3871,1070823
3330,973298
542,267251
1443,406871
2890,802994
3045,716479
2911,905086
1504,473489
520,297308
906,267668
1514,652066
4931,1184913
2338,769487
3688,940519
1214,417045
4646,1311897
4354,1238945
4919,1243174
640,389229
1463,466567
872,317177
4135,1053243
3041,819601
4110,1156138
2192,686100
605,282213
2181,708384
4597,1178833
4516,1125638
3136,734401
2637,778499
3916,1089379
4945,1371283
4030,1051979
1786,641096
3679,926127
4154,1225869
2859,947042
944,290258
535,170068
1975,608159
4457,1201999
2298,697050
2345,622173
1908,647054
2208,762522
3438,803309
1800,642035
1743,539931
4476,1295358
3597,895375
509,242045
2925,880376
2160,765251
3131,961019
1572,476944
3725,1085979
1816,479336
4645,1206031
4183,1092851
3773,965304
645,279568
3540,843922
1962,634317
2084,648353
982,420460
3679,879824
1749,619432
1130,348034
1161,369140
4003,1066315
3352,852866
2966,861460
1487,551862
2046,593701
1149,373092
1468,337526
3137,948941
1600,525760
940,387110
1269,513893
1843,696719
4858,1322545
4229,1162965
4406,1209015
2077,656534
4508,1105060
3851,1006280
2849,737461
4102,1068963
1741,541878
1625,518588
3101,867534
1690,590247
4631,1149753
4948,1210747
572,325279
2414,564860
2972,707292
3546,1018504
1207,546445
2304,631555
4213,1063596
3064,737320
2975,700869
4110,1091387
4755,1315390
3323,915838
2235,548536
2085,551851
566,305810
3561,964183
2928,869975
4653,1117037
841,319416
3274,972124
3317,871971
3161,786496
1732,647019
4374,1026833
2901,809390
1994,487953
4711,1193660
1161,421894
4383,1101374
4119,1042067
2368,660629
2834,743646
3874,1052121
1516,442250
4906,1331956
707,357912
3165,816508
2993,789979
1132,398078
2602,693357
3459,783912
3583,1063010
2431,665616
4219,1133548
3062,794638
2179,595355
736,396218
4943,1255300
2040,545673
4443,1221976
863,466541
2868,754203
785,416345
648,288807
4537,1029540
2266,602792
1512,402938
3331,787809
3007,844138
2023,649261
3285,848799
3056,769583
4225,1038844
2101,599879
2908,901352
840,508157
3317,846787
2996,863770
2225,612564
2189,751225
3767,1025015
4906,1319078
761,414028
1942,594828
905,355591
2690,692788
4937,1278420
743,351556
4607,1056837
1060,446621
4637,1249097
3225,754598
1093,288275
2326,634314
3729,1078041
3787,1066390
4573,1264250
633,295203
3638,1046352
4419,1132556
572,334544
4994,1166993
4725,1314897
3478,985011
4861,1218593
2485,618378
1292,592459
4759,1250243
594,455522
1633,464428
737,299303
3446,952018
3030,883721
2460,879051
1548,384921
3029,828070
3464,1073162
1463,540403
1036,448473
4723,1228360
4179,1162318
4687,1187576
4224,1036239
1042,445935
1345,419035
4103,1095589
3536,1022957
2994,972679
4985,1223594
3219,759555
2384,621269
4638,1122097
4849,1127062
3701,1023438
3210,809426
2453,742362
4350,1111436
1189,501410
2450,692209
956,332529
2630,696728
4476,1208899
4744,1353493
1679,434103
4785,1318178
4065,1095759
1382,434267
899,300645
1108,339037
2138,618731
2648,712086
1882,745301
1903,680351
1319,457033
3792,954474
1319,404593
919,324926
4719,1319231
3802,1018549
2008,541897
1267,397837
2544,800190
2639,649135
3529,889055
2049,757190
2264,596347
3145,964439
4216,977935
4981,1315629
2793,749951
3208,999223
1400,381234
3584,1077588
2509,823238
741,297807
2885,799327
4768,1262111
1171,469819
663,220824
964,485221
3542,984804
2942,743909
2855,841707
4778,1285492
3057,831306
1045,337046
4335,1177178
1093,466081
4304,1040862
1959,498344
3993,1193160
3101,810725
2944,798304
3172,755536
4700,1150589
516,228094
3691,945251
892,403598
924,358518
1071,451625
4131,1093906
1620,449347
741,311543
4397,1247642
4595,1200215
2779,855309
1288,538633
1214,455620
3349,1037566
1275,423012
4526,1217059
2747,880316
578,267268
4426,1308608
1355,404511
2648,670458
1531,612854
3771,926980
4076,1000233
4682,1276592
3956,1079154
4006,1182530
907,308404
3211,1028434
3588,1035430
2168,535313
647,254601
4827,1281333
4397,1152974
2450,662175
865,429952
2174,684557
4994,1355543
3046,791985
1062,498361
4062,1122527
2989,693775
1272,343865
2537,800599
3923,1053518
3067,921696
2073,696647
4194,1209875
3791,875373
1746,510619
4219,1189089
4339,1226829
859,386430
2876,693673
3509,1082656
3493,831759
1462,573724
4132,1028615
2327,653465
2113,720570
2140,578055
2716,715858
4812,1231136
877,460568
4714,1237214
4785,1284867
869,529034
2696,730703
4247,1071899
1151,453214
1269,377636
2921,719531
1280,398680
2216,692083
4483,1170395
1811,684117
3859,934287
1022,395325
1021,374954
2820,773896
1435,535114
2730,772756
4540,1241379
4197,1272896
3337,825128
4583,1129520
2961,804169
3743,874123
3859,1070942
1185,546880
2660,649549
4488,1185324
4566,1096938
2067,619045
538,177699
3044,763421
1756,617895
3490,971415
2696,773140
3968,908458
3208,764602
801,284951
1146,437755
2259,738359
4851,1198194
1097,427942
1161,332012
4830,1279300
1868,655306
3081,721358
4368,1246606
4037,1146539
4808,1307115
782,297121
4178,1152823
1986,597390
4582,1251903
4683,1214111
960,515842
2825,832402
4254,1228962
2968,800223
2224,577403
1876,708841
3243,1005124
1014,546914
1202,477202
2153,730815
2566,854840
522,203832
2960,945098
1804,587304
3800,1151893
861,372026
4227,992720
1784,624408
1014,492107
948,494863
2355,694669
4062,1030837
3020,897472
3581,918260
1928,513893
4467,1232825
1422,591823
3637,924358
2659,839071
3047,771791
3479,811820
2781,721187
3149,864748
813,321115
3113,961302
3583,994472
2756,812630
1537,452603
3989,986278
3134,794178
4483,1288631
2278,717660
4395,1128487
1624,465471
1197,457457
2679,688886
1904,612455
1543,606678
2429,686077
1513,617212
726,289256
2328,669792
2523,729091
2952,752978
2585,734972
4783,1151764
1580,585901
2820,880866
3690,1044258
3130,810036
3063,791201
3792,935137
4086,1139186
4931,1187656
3447,961116
4459,1086203
3313,900455
3083,765192
661,339059
1093,517821
3759,879305
4655,1142516
3462,1018959
4388,1210451
3890,1145291
1163,303979
1632,623856
1041,357819
3474,984086
1367,439799
2566,792937
931,477415
4778,1234915
1706,611228
3028,858455
1669,439653
1330,405354
2151,641190
1636,612763
3310,883510
975,349528
3310,929664
1826,709580
1519,560353
2336,812113
4756,1352973
2948,747969
4793,1313689
1783,660095
1159,372542
2510,765617
898,282050
2233,612421
2625,825608
2671,908133
574,326932
3971,1130718
1336,576931
999,317363
637,275751
2597,846440
4196,1106343
2385,625243
3257,926587
4420,1198988
2400,810883
3110,882091
4486,1198119
1949,758933
1046,511412
2503,744373
2596,833158
1203,352356
2903,781423
2125,571319
3831,1113909
3478,941584
3339,869394
3884,1073968
3159,840485
2361,688747
3356,853627
1185,423426
4783,1074972
2119,683389
1931,672096
1375,542761
2961,967705
1865,563787
1743,607171
662,484205
2474,607950
3791,1119878
769,224167
1131,407387
1405,561141
3971,1002201
3753,1074592
2514,824919
2141,671459
704,349393
1081,527858
1340,374003
2219,704341
3143,888418
2797,726032
1374,506893
1189,353911
4500,1055539
3641,939938
1922,622582
1171,387977
1671,446585
4226,1024841
1443,553893
1949,591474
4237,1079240
3039,768243
4459,1044255
4760,1301553
2861,809672
4152,1089189
4170,1019543
2253,607492
2852,701804
2438,672528
870,508983
4979,1347151
2431,676273
924,512214
1394,542348
1097,414710
3562,964032
2836,854645
2187,622535
1072,348588
2590,804511
4169,1004782
4772,1271336
2133,609489
2017,612721
4793,1403930
3157,967635
4148,1189376
4088,1029147
2037,599999
3637,1006686
597,451439
3715,1077086
4250,988036
3657,1062107
843,466402
1110,369059
2227,783063
2790,831490
2354,672124
3108,880507
2579,735500
2824,846490
1677,515463
1591,617777
3291,826275
2249,830025
3175,800226
1281,545432
3548,1011393
2605,661665
4367,1294444
2613,645302
4470,1026812
2491,743127
1567,487390
2077,588285
1511,526660
2774,731931
2314,653912
2926,839694
4902,1094284
3051,804508
4157,1062921
507,301995
3055,783544
975,465119
2711,797608
984,276875
2785,936702
4025,1083712
3839,1083363
3322,829046
3424,845158
758,317520
782,371939
2398,650709
4635,1134085
3476,939678
2767,704205
3700,935387
1112,351317
1187,420889
4190,1226489
1112,458468
2807,692449
3513,930361
2281,792993
3091,815775
3196,809064
4458,1155455
1074,566680
2410,841145
4104,1032864
1169,433071
4864,1172190
1783,465791
1423,575877
1625,568858
2029,725353
2094,778535
746,385409
4211,1032600
2060,575590
2900,937967
2743,878010
4364,1064698
2439,623616
3569,978252
726,334967
4047,1095359
764,462121
1895,685129
4057,1060265
1145,489723
3490,1017487
2399,844516
3004,721059
3272,940335
1654,623799
1087,501157
2321,643261
1485,405961
4579,1044795
3848,1001848
4331,1101771
1741,618290
689,370219
1480,391012
2198,644219
2215,687557
3093,823459
4636,1233323
4933,1260401
1598,614523
2826,793621
3747,1022866
1395,438913
2174,591437
3409,819388
1430,377457
4884,1300419
1223,402741
3440,975407
1589,547436
1435,516171
2795,787164
655,442490
1570,458295
2458,757367
3001,1007664
4719,1255094
4330,1068360
1354,384363
1139,479800
2738,742607
2102,506540
941,289411
1836,542381
4200,1196872
1448,439449
3873,1071196
959,544151
892,449173
4438,1239864
2287,698924
2757,848725
1638,643021
4308,1069137
2954,793823
1966,674995
4174,1125251
1877,667688
3097,1006925
641,236761
3159,1032788
1339,392674
4118,931124
4417,1039740
1095,356112
2404,594878
780,369800
923,487838
4865,1310791
4749,1224025
2250,796037
2467,591159
4588,1166388
4678,1217812
3446,911180
1949,685488
2831,717540
2720,720004
4289,1205563
3310,953530
2031,780719
3490,901478
4993,1236511
1643,666141
1433,532256
1960,615403
3223,1038074
3012,904509
785,357275
764,368557
2867,859502
3947,1077589
2262,746629
3548,1028344
2881,905783
2769,951464
540,400019
567,387146
1487,471811
4508,1148263
3698,888085
3024,936415
1585,526581
2979,994354
2193,619235
2815,858092
1278,595718
2085,566739
1992,650126
1160,369096
1848,513883
1799,655186
4440,1075787
2486,676588
2544,625855
4016,1136960
1558,403578
1476,448400
1227,470379
3027,936201
3636,1079219
842,400338
1947,636532
2879,822765
4159,1064541
1026,411938
2396,646988
2573,759929
905,435300
2073,670497
4240,1187596
4774,1369519
4727,1261034
2346,640907
1978,760332
2895,954577
1271,482323
1078,443922
3401,868144
693,269290
2507,705213
1685,483661
2894,756733
3498,908281
2292,677698
1610,456306
4505,1163228
2761,663905
4236,1056671
4293,1107027
2436,635306
4857,1363861
1229,391337
4878,1228433
3951,977500
4957,1295582
2640,678753
2144,577725
3300,856818
641,374595
1955,594779
2596,804730
1825,469447
1713,561972
1659,504263
4999,1143059
840,460614
4328,1170613
2468,615521
1203,469077
4913,1299554
2929,829908
2300,723688
1355,547599
2312,618806
3366,1024131
4142,1175920
682,299556
3612,961959
4992,1322954
2017,588419
1856,589942
2674,772069
4129,1125039
4128,1027483
4596,1234856
3739,906958
4191,1167153
518,237648
3903,1103759
3504,890755
1632,595413
3839,1035737
3811,1081728
3872,1077515
1487,626807
3821,1031862
673,383413
4241,1038553
3552,949794
1226,454708
4260,1006041
2375,817371
4533,1063434
1489,511612
4244,1194271
3186,806486
919,376564
1093,570153
2274,641501
2959,822550
1435,508553
4308,991490
831,332683
3949,984880
3202,777198
4506,1132033
4368,1166856
4700,1231385
701,286623
2997,968476
2342,786922
2366,727021
2496,615607
1409,545642
4805,1225067
3689,1112618
1270,350770
3655,922677
3001,743428
3214,846698
4085,1145172
2128,715395
886,386984
3921,892981
4508,1170074
4593,1301802
4863,1310508
2966,982015
2782,642687
2356,845912
2498,732018
1736,582725
4644,1146465
1650,556675
4818,1396900
1931,571183
2319,781514
2824,868025
1630,477034
3158,810341
4000,1093283
874,320601
2620,681856
4520,1228010
2521,679866
4205,1084029
3759,999094
3935,1015312
2389,611252
2323,642397
1974,593582
2742,793274
3743,884271
3634,1096536
2570,684003
859,318665
2541,714322
1641,515179
2135,628260
4500,1252696
2443,601835
3861,943298
3480,871386
506,268307
3767,850727
2091,611139
3764,978881
3106,807079
3719,1020018
3773,991912
1413,372024
2511,819120
1942,595243
3554,950047
4046,1113330
4721,1274312
3428,1056535
2329,731067
1075,484764
1429,530670
4259,1142178
4199,1056169
1963,603209
3775,1084243
1554,512893
2400,758789
1957,526761
1899,674408
3915,1080699
942,424959
4150,1026897
1678,610287
4958,1275593
1757,544453
4134,1029989
2341,682926
2809,855367
1410,393525
4840,1220324
4509,1229092
2669,772734
2672,763227
623,287837
3658,898434
1285,395237
2916,795771
1296,436057
4672,1164769
4654,1236608
2436,688185
2656,847225
4307,1021318
1801,696818
4663,1166834
3640,957891
3736,897818
2852,869683
2432,770453
3221,899326
864,407811
2890,766075
1446,382942
1877,603343
1939,606874
3680,1031231
840,331291
3489,849966
882,497073
2056,677640
799,383121
638,266185
858,422018
2022,491390
3956,1170090
2127,676303
1803,549132
1634,464438
2686,665537
3670,1003800
4335,1128439
2651,725247
1737,532500
4235,988798
3334,942153
4760,1184078
1498,645735
3067,916877
1807,660158
1156,504555
3160,901315
2711,899872
2409,744933
4230,1109608
2546,758218
3662,1051484
1640,386943
766,426170
2345,832263
2208,602134
4130,1030621
3711,894947
2793,843079
4232,1082733
4329,1215700
2010,613923
975,315281
1476,660722
1707,678541
2460,633912
1057,516822
1382,372234
2694,884154
3167,912841
2110,706731
3988,990502
2954,823218
4994,1268845
2446,658308
3308,972927
4325,1131174
4036,994820
4302,1084487
4677,1199853
2470,754084
4322,1082902
3319,844944
1402,509697
864,481534
4758,1190899
3619,1121505
3058,833581
2363,718259
615,324063
2884,756611
4435,1089024
2990,725423
1442,420495
2224,567646
2834,883952
3267,978219
1637,581090
3027,1006853
4617,1190466
3920,1102221
4406,1147244
4137,1027841
3453,980527
2867,790053
4721,1084319
776,303574
2499,679083
1727,605505
4252,1029545
4235,1198877
1195,368485
1809,454235
4652,1217182
3734,963349
4614,1269872
2811,670141
3341,832414
4708,1171033
4059,1084517
3898,1122596
1041,437149
3194,770549
1588,535755
3863,928563
524,168380
2072,721001
3458,991608
4736,1163353
2267,711937
2735,737220
700,439020
3698,1107652
756,282595
4247,1068617
2741,805807
3675,917985
4106,1145894
3836,961844
913,280765
2514,846091
1881,634316
1598,652215
3926,1039748
4155,1128872
1409,422286
687,375498
4544,1128106
4256,1005572
2515,728386
2592,805476
4144,1071570
2630,805894
857,315286
2922,914072
4757,1072073
1997,558135
2658,650219
3055,751155
2842,765747
3451,945753
1738,555750
1473,538239
4465,1166875
1550,498061
4201,989142
3280,934725
2088,571834
4378,1099687
2868,766555
936,432302
3328,935407
2056,529291
4358,1233967
1804,529503
2884,848860
682,435615
2089,569451
2087,757563
1159,443843
659,191643
4453,1090961
1511,508587
552,202036
2807,768262
1728,521889
1535,499667
4202,1222223
4545,1126398
4949,1307573
1764,608596
2384,764465
2309,589964
3667,1069322
4297,1225761
2841,846230
3914,1091896
1317,382237
2937,900936
1388,569909
1167,519992
3124,864903
4732,1350730
1318,485889
2688,733052
1606,451100
2724,760723
697,322392
3171,854135
3992,1103022
2948,868364
970,564868
2448,786414
4399,1097727
2510,796785
4300,1150080
4618,1211159
4296,1068978
4488,1096146
734,417266
1428,501840
4107,1108969
1022,408737
4023,1194316
2129,606541
1816,573113
3357,969861
1624,579995
3087,839593
1523,416271
1878,540494
3874,949904
2019,719660
726,400490
1391,437068
4572,1061945
2757,755339
3288,915536
896,413217
2578,715691
4924,1278448
3737,1019746
4393,1195771
2505,599292
2516,731407
3671,1119513
3168,800093
2378,822811
1696,567192
2272,691092
661,208646
4476,1207099
2251,575044
1275,508715
1439,478017
3720,1023107
1039,293211
1961,515065
855,415126
4104,927460
3823,991581
734,471771
2048,577385
2596,708159
4713,1307806
2601,736247
2173,650219
2600,789565
4157,1123757
4096,1054024
4248,1207461
3673,922504
2315,612866
4341,1160821
2505,765280
4993,1345282
1174,380698
886,392268
2658,684711
3161,929309
2564,782477
4351,1219674
3753,1093604
4766,1280383
1239,410854
1901,641991
3759,955126
2777,738408
4404,1194861
4423,1291978
4714,1174233
3727,863406
3331,761561
4258,1184798
3012,745736
2651,679270
4175,1267145
3245,982760
4366,1240692
4264,1137664
2722,655506
3292,911554
2197,772762
3962,1117374
4563,1090613
2024,636022
532,332418
4525,1160075
3066,849616
3303,853516
4396,1101571
4209,1072234
1219,554619
1472,462139
4218,1003564
4902,1228070
2707,765915
4926,1287658
4820,1233324
3530,844045
4075,1075577
3616,934485
3785,1056863
1143,384981
694,386627
4496,1054730
988,504099
2704,641174
3157,976662
3776,1066714
1602,635995
1741,588093
1015,436571
892,468887
1130,488794
4216,1208789
2347,704951
3155,997420
1479,551413
3902,1161159
4371,1175263
777,475668
732,401893
2052,722108
3770,914135
2909,759539
4012,1101601
525,284011
960,359128
4264,1048998
3931,932067
3983,1108438
2494,657825
990,394947
1572,457025
3673,1037424
715,355918
2223,695468
2092,624924
3106,938063
658,229170
3813,1074538
3341,883473
2276,621516
2552,786932
2795,866007
2196,769110
3493,869551
2969,839928
2446,590030
4309,1046201
3283,852118
4144,1129780
3000,944821
4145,1045335
3145,903855
2849,674753
2432,800854
3794,1048072
2257,710279
1616,464352
3067,698898
3999,935713
992,318779
3806,1017906
1119,500201
3732,1090487
4323,1168855
2880,881623
2046,562032
4063,1036081
2105,683491
4252,978964
2390,696271
1775,422389
3243,960355
2993,941542
856,329235
1369,382846
1385,567456
2501,756974
1783,681184
1119,286947
1382,425057
1296,464421
4142,1049383
3925,1111198
1796,496871
744,347020
3395,859418
1429,489521
1019,391077
3712,903117
2909,748296
507,358581
3025,868262
3923,1024629
2519,773490
4782,1125287
4167,1134198
4171,1118492
3301,1006840
585,363742
3615,1020712
4732,1305878
2968,712318
4119,1110891
2136,646053
4083,1236154
4509,1220180
3826,1173062
2718,830619
2717,744100
2869,808283
4138,1090274
3003,797333
1443,513108
3337,893542
3160,972099
3436,863380
4944,1267108
4447,1187425
2176,707642
1696,624768
4605,1124325
3287,937674
1961,684206
3818,962295
1166,531869
2676,827192
4243,1111270
1100,569829
3152,990989
4922,1276559
4324,1026492
4406,1169674
1479,588188
2951,842283
1128,321319
2129,671665
4196,1092328
3930,1000899
4174,1031683
4429,1076619
3265,943226
4869,1122203
615,337369
2503,738581
1192,425467
3662,862815
1605,507392
3508,1055025
2661,795143
653,426601
4199,1110531
4910,1135950
4286,1178676
1564,456051
4700,1129543
2413,776135
1716,508445
2901,743941
2272,761682
2460,812337
3280,807813
3371,992781
1160,556631
3135,897481
2829,864601
4454,1058575
2950,864826
1632,687911
1199,451615
2538,726833
5000,1272714
2679,782551
3338,903085
1373,549961
583,303928
1922,630907
3175,897786
3680,880102
4816,1212202
4475,1036931
1891,517173
3718,1083485
4707,1219518
1114,561687
3471,813344
4065,1142903
4076,1207256
770,488313
4566,1057614
2968,805681
1890,440002
3854,1022774
4635,1261058
4107,1011869
3083,763683
4573,1115930
3575,901488
4406,1074715
789,428636
2980,876223
3752,936811
778,459207
3424,1073017
1080,398456
753,437767
4776,1355145
1324,487435
4332,1075601
1199,453763
1880,751665
4396,1020949
2173,643856
3227,835878
3656,961346
3888,1065917
4807,1289703
883,370837
841,370778
2487,802455
4559,1081894
3609,1078676
4582,1077133
3298,816166
3740,1040951
2488,801626
3914,1133975
2349,710252
805,422138
4113,1167159
3249,819791
1635,627042
705,392741
3950,1006008
4311,1165608
4122,1152093
4099,1165801
3051,792889
4808,1293369
809,288327
3208,919911
2491,798724
771,357947
4142,1159717
4586,1070982
2322,730525
3773,1016947
4849,1311958
1020,346629
1476,462031
4222,1152515
4051,947919
4605,1195250
3273,924477
3052,708089
3332,784644
4407,1062437
652,298023
3464,987031
3416,957856
3300,993821
2252,642283
3110,938332
4375,1215150
1604,533357
3036,798534
4699,1265450
4354,1217585
3994,958637
2414,793623
3572,960654
1506,613684
906,474015
666,204077
1008,438015
2161,650300
4164,1099756
3989,1053356
1180,354124
3024,912939
2620,812265
4857,1338469
1863,480902
1831,627097
2792,718869
2038,582885
3908,1122628
1060,500598
1599,551098
2403,658259
674,321684
2656,810742
2730,856913
4787,1290423
4660,1239432
4420,1069368
1997,569807
4354,1070002
3671,939210
2067,649569
1651,567917
868,429269
542,286659
2407,821400
3990,1094366
3035,713105
4673,1126723
3373,807108
2324,762225
1793,544053
3886,947861
3472,926868
4422,1176992
1492,635582
2886,842967
2740,835978
1976,706180
3907,988643
889,368475
1499,439038
2355,720070
1158,472932
3263,972201
4163,1167658
1981,530877
4231,1165195
951,541490
2975,884983
3722,1139454
2037,655994
3593,1039659
1382,464525
4908,1352462
4568,1256092
3066,790355
3777,1086183
874,312745
4197,1151103
3562,1084242
3750,940382
612,373720
3697,902248
2878,857434
2424,670258
639,413664
1924,549557
3449,958902
3668,983430
1016,344184
3116,883829
1387,395319
3604,946202
549,262139
4451,1164435
4060,1118588
518,249024
1973,610331
4561,1216911
3106,918805
951,353086
4265,1031321
2938,782119
4810,1059766
2049,781483
3974,1150083
627,362943
3261,855911
4956,1345190
1915,602914
701,289613
2869,909634
1017,485138
1841,540727
2488,831542
4045,967200
4302,1166264
3775,1090560
4154,1002806
2934,830367
707,391251
3133,868153
4617,1185239
653,356169
3866,989035
4814,1086035
2018,613649
3100,731334
2695,666799
4998,1233717
4054,986850
2914,754841
3349,995559
2242,658184
1806,571486
4349,1190440
4668,1151901
4695,1247648
3055,911630
2805,831903
1588,528547
3142,901616
1677,529897
3494,938696
1059,463276
3464,889803
1771,515658
2313,542556
3415,1023355
1109,352594
2961,841660
4620,1058891
783,423699
3428,850297
4896,1355900
1591,549130
1316,476958
582,224780
2420,857094
3991,1076487
3644,851980
2593,666047
675,292256
3204,899969
869,271237
2318,730051
2601,803199
3990,992269
2279,589546
1864,537168
4962,1216735
3842,1149895
4176,1227370
2926,1007764
572,388698
3462,898010
1359,472590
4356,1224440
4638,1252707
2924,885209
1564,521212
2717,679754
4517,1178791
2759,758571
4251,1148966
2586,676842
868,367370
3304,860470
650,230511
1634,547234
3284,888501
4664,1176272
2846,870442
2750,736293
560,326564
3510,890387
4401,1087272
1837,718904
1684,432075
4926,1292074
2051,661372
4933,1120203
2129,776860
1827,638175
2026,741154
2173,648757
1861,530721
2073,632961
3186,848950
4870,1124414
2866,831430
4257,1067725
2934,729690
2493,719200
1369,568536
1514,602682
2411,731623
1102,517836
4321,1070413
1190,371015
993,258376
989,393597
3056,880887
4985,1186111
794,386700
4527,1070831
3343,894790
3412,1039869
2217,650953
3096,930045
2373,681841
3758,893158
3317,881957
944,464031
4141,1205054
4958,1181596
1241,428554
2541,662363
1179,528881
2967,822055
4197,1123005
1858,549829
562,247074
3059,955290
4269,1020296
4851,1155058
634,284161
4144,1135419
2635,728625
3778,995043
1322,532188
3574,998430
3481,919396
620,454689
2137,559291
1424,449592
1144,528857
2532,737242
3261,803302
2568,872531
741,341808
3168,859602
1302,450847
4664,1137210
695,363222
2687,765322
4015,1089004
2830,703870
2859,754577
4106,1113576
776,310494
560,309099
3890,1029259
2413,731680
4427,1196553
3091,892889
1066,487775
4435,1137511
2071,583655
1700,444309
4909,1400832
3354,887567
3395,939192
1736,629977
636,327002
1529,593878
2656,918767
3094,888162
1161,400204
2972,654037
3177,929644
2808,704389
586,237536
3012,898252
3442,878743
3273,898576
3004,795316
3810,909486
2200,794622
4170,992611
3200,841945
4129,1057288
2147,702010
3818,1034746
4187,1122538
1096,401029
984,274766
1145,437581
3589,849753
4884,1152679
1220,529025
998,470994
2173,510924
3567,874052
614,418898
3479,972804
2236,750758
4111,1170387
2753,760982
2794,924558
4130,1146491
646,248155
4482,1200557
3953,978201
2910,909842
636,361465
3860,1037177
3505,874462
4052,1138445
518,220226
2742,721994
948,434366
2448,616754
1445,503936
4736,1306291
2420,766754
3477,996714
4688,1134756
4515,1196517
738,295503
704,387342
3107,829224
4840,1238310
3888,925840
3472,1048744
4890,1293155
3187,963333
4666,1179994
1848,578982
4900,1200051
1316,380777
1320,484670
692,264214
2276,680221
4145,1056332
750,396945
2288,627112
4200,1031470
2963,780579
1667,426111
4393,1212187
1596,551855
3179,835976
2347,638257
4404,1064982
1004,440551
2121,717811
2972,876360
3046,825101
1887,703779
3494,1075652
4316,1011658
1217,520167
3984,1063188
4934,1259843
1158,328306
4508,1210423
4734,1259690
4264,1112664
3489,1031122
2604,758021
1755,472348
2982,794650
883,301302
3107,846953
693,390226
4307,1198464
4219,1008450
3081,946802
3065,815734
3263,897555
3298,1006228
2839,735569
3906,1059866
1231,428718
3372,1028705
3620,915558
4677,1376939
3104,1002548
2882,896334
1031,520828
4816,1218907
1134,401863
2269,747231
4304,991077
2870,770075
502,383656
705,424612
4635,1081931
3121,968790
3390,1020161
3693,1070783
3166,942374
3806,925517
1397,372389
1585,552828
1779,548572
1170,555674
2005,669567
4075,1035496
2455,860091
749,446826
2392,594694
3939,1085719
2353,545030
3354,992322
2003,745888
3885,1017825
4071,1010463
4292,1199530
3926,1091513
543,346997
4112,1008156
3118,969728
3663,1029374
1788,680942
3442,898721
719,435747
2425,684468
3472,906622
4013,1103225
2948,827189
3971,990202
3274,989935
1490,429014
3446,1003149
2312,630603
1303,495780
989,368239
4056,1039854
1993,699641
4145,1071894
3391,796104
2205,658527
4016,1135086
3840,1073613
553,258218
3075,880679
4091,1171777
1115,432667
1454,429617
2933,904009
2129,712444
3281,951693
1149,572916
2847,917303
4990,1388418
3778,916012
3140,745161
4301,1127317
3061,969611
3749,956063
870,516321
1357,610273
883,376455
4377,987679
3052,747151
4834,1273835
4790,1223103
3225,975062
4534,1228752
3793,1001271
4751,1267440
4488,1273616
1422,647026
3415,1002309
3450,1018369
3546,886046
1474,488480
1730,568068
2935,842234
2314,763247
3434,861208
1863,618375
4440,1133205
703,379280
660,304547
4987,1380356
1268,480146
4248,1064650
3081,920684
1593,587398
5000,1329947
1107,541935
2040,622157
3375,832353
3691,889204
2337,715679
1189,458850
4259,1118851
3449,939909
2603,818882
865,491542
4075,992551
4699,1172585
4672,1206043
4825,1122987
2878,856474
1705,568705
4339,1085973
3235,887416
3847,1081165
2175,547807
798,403977
1456,465128
1614,575415
3005,714138
1974,672002
4960,1366282
4946,1136222
4226,1029278
3971,1020154
3328,985355
3350,1046627
3006,918571
4270,1093004
3464,890791
1449,637769
3350,851403
665,437768
3986,1017323
3009,789986
1419,457304
613,410577
4004,1191293
1491,553580
4339,1219699
1758,517324
3926,1143789
1014,429244
3696,926671
4934,1244748
3084,989496
567,403788
2096,609341
4978,1277023
518,427218
3230,899381
4021,977529
1072,533243
2758,788740
3402,841663
1150,476380
3087,874361
3762,969871
1838,565863
4134,1174599
3327,988395
2717,685667
4039,1150519
1537,434064
4883,1125236
4478,1013676
3461,805537
3726,1080250
1598,543090
2824,705253
1439,625691
4216,1212087
3914,1016950
1948,571643
1070,428279
3404,929247
3005,978335
1417,467809
2374,683763
2178,621334
1115,469259
2249,618251
4325,1074048
4688,1313475
2977,684438
4005,1117774
3975,1039950
1635,447411
4500,1132902
874,418529
706,397543
1819,518569
1641,533727
3190,937919
3755,910653
589,257937
4608,1101917
3520,982866
2357,836969
1304,505662
1444,516797
3289,810485
4375,1215570
2110,561510
3423,925746
4382,1083025
3721,1108919
4891,1406736
2887,766741
1441,651157
3066,764887
1475,370689
1454,552543
1762,587706
1443,403532
2702,871196
3827,933971
4774,1268685
2759,657024
2328,615873
1757,656493
964,328595
3794,987211
1730,682569
3154,891890
1384,425780
4305,1065861
4356,1233047
3635,1035090
1424,407924
2046,707708
1594,579130
2911,792491
3117,873558
1262,502438
2823,845838
4645,1165215
3275,986330
3655,1056525
4470,1079299
2540,843510
1083,465538
4831,1249165
2603,714963
2442,721817
4955,1279313
609,291686
691,393562
1403,406554
1361,394196
1583,657733
1149,501761
4634,1249093
4111,1027282
1136,576319
1536,636707
4631,1313243
2648,783664
4365,1068386
3657,1008318
4087,982341
3794,1128926
4761,1306666
2930,803012
2379,804482
4466,1209690
4213,1163908
4626,1191756
4606,1129935
2511,702155
3873,1154248
2643,876215
3000,737634
1789,504734
1947,677273
3699,1013526
2443,701391
3683,928307
3716,987268
3636,962130
3818,1061366
3282,779625
1490,434996
2653,812785
725,266465
1276,557375
3337,845864
1187,546244
1029,497509
3942,1069027
2653,665165
1794,592082
2026,740320
3396,811600
3603,1100835
2940,926159
4635,1303600
4302,1202036
1344,359745
946,298899
4415,1130029
3609,1026550
1734,595094
726,454964
4643,1239716
3459,1010423
2330,732235
4279,1029593
686,245364
3377,871037
3035,795030
2432,749484
3424,923591
1348,428467
2532,884642
1752,585979
2381,738340
769,262335
2130,752017
4905,1103230
3703,966821
2074,574927
3392,946740
2195,646651
3758,1054047
3762,1016745
1945,629644
719,345454
552,357419
2257,743936
2166,708048
3285,754733
1219,520638
905,416538
2794,772316
571,353477
2553,700511
1729,614474
2067,644986
4182,1015584
3453,833599
4982,1204003
1198,591901
1326,420865
848,295613
4408,1042049
807,385175
3916,1011883
2834,744332
3309,915440
4058,940183
4978,1382610
3977,1101637
3186,831923
3485,896184
775,355781
3047,771466
3264,826175
836,447248
2473,880868
3479,906126
4468,1309732
1410,523545
2496,851230
3629,935846
4704,1306929
4257,1259744
827,367117
2299,622279
814,314853
4045,1045941
1634,495400
3246,945337
2020,673637
655,409311
2224,669887
3843,924161
1386,441610
3573,867286
3305,842601
1221,478185
1412,592290
3857,1113527
1370,501138
4608,1066466
997,437034
2256,577325
1617,482319
3909,1119122
3328,905151
2147,583158
3483,1036460
642,379411
3261,846890
3935,1107964
2931,792225
2348,788119
3196,789786
2217,760741
3572,1076851
1567,568511
3286,837057
4291,1055992
1788,734516
4371,1193221
2306,838421
2004,579638
3808,945594
3451,961903
571,173752
2190,624816
1844,681452
3803,987190
3613,1056665
1382,574514
4734,1277173
3162,924613
2004,528725
2963,793851
3053,787936
1232,466886
2248,629494
4424,1259738
923,536011
3978,1011602
2091,700898
4985,1109019
4937,1419349
992,498304
691,424772
998,395562
1756,604643
2468,785100
4822,1410281
2686,743506
1316,573327
3720,1075746
1973,618324
1586,482025
4699,1108948
2374,653104
1370,461616
2542,659705
772,429248
1529,574140
3718,1031533
4569,1323861
1551,491776
4533,1091318
2073,656629
3690,891995
4888,1149993
4297,1166271
3789,1078336
4247,1136754
2605,713480
807,361374
3859,941618
3676,940609
1751,582466
3247,927004
2017,546736
1878,687109
2461,845483
4805,1288941
3363,884145
3156,905928
2994,895099
4505,1205168
4063,975723
1422,589727
4732,1322844
4962,1227978
3459,1028642
683,240408
3858,1041688
1898,628233
3296,818880
1036,436868
1773,654459
3467,1000907
3549,929395
1596,598085
1805,556516
1415,510941
3581,864770
4747,1376500
1528,448678
2477,650233
3854,1086945
3011,738874
770,429825
1686,642324
4700,1137636
4264,1176196
2898,867823
4735,1124289
4682,1280601
2211,670411
2730,735261
628,228400
1769,564129
4172,1184497
2101,662237
4470,1145817
4744,1142702
1127,419636
4297,1054160
2544,819524
4052,1159671
2841,904359
3714,916182
749,414475
3425,846360
1474,628966
1825,704486
1483,473513
1388,409136
3437,896798
2617,699923
3172,868207
1826,468525
970,357812
2487,735719
590,340825
1029,453257
4559,1294530
3273,886648
2186,551418
691,445733
2486,716509
4123,1029655
2685,788017
4940,1150599
1508,416046
4283,1168331
4798,1280177
4787,1123215
2552,728876
3808,980621
2216,686278
810,310152
1760,622703
4432,1108190
3768,930900
1084,470556
3299,973020
859,339786
3366,1060514
2511,591093
4506,1211556
2125,717033
3264,864100
1390,404833
1231,340315
4461,1120849
3004,843057
1114,391259
4306,1079905
2219,685929
2087,549954
2111,706326
1396,566463
777,416658
2136,675745
2658,799434
2932,744273
4404,1252784
3762,829962
1949,506394
5000,1270644
1732,588028
4617,1138789
1177,352004
3158,964920
2528,677872
4258,1223391
2537,743182
3149,935889
1156,341098
665,364720
1089,403031
3321,951552
4758,1119094
1762,520186
571,308837
4016,1032180
4080,958678
768,398145
2276,771179
2962,905399
1768,641629
1515,548934
3222,932642
1583,613113
4601,1228140
906,321848
3576,1047191
1485,547315
4103,1103473
4985,1288119
1209,395096
3118,886343
1911,658224
1985,582447
3450,796665
3434,860594
4614,1085305
1503,629187
2966,787937
2966,715473
2438,659933
2439,673412
2135,753436
2198,616088
2591,842451
2395,718531
4740,1084672
3898,1034651
1573,459190
2902,769021
3712,954152
4537,1150776
1651,576985
2945,779183
2456,701350
4407,1033364
1307,560583
686,464661
1807,568363
2784,848529
1257,528589
4731,1243052
4354,1120280
4766,1304735
2706,669541
4058,1014435
2080,669723
1461,547536
4347,1266675
4075,973945
1375,390746
2918,838680
4698,1281676
1501,468522
3884,1012455
4566,1267148
3345,1011511
1981,622081
3801,987242
1157,487757
3280,1003609
922,419650
4181,1009275
4766,1140044
3210,783614
952,405077
2897,833980
2475,723805
2157,635235
3041,893570
3575,891588
3664,934351
3466,1037761
2553,876199
787,363688
3717,1020136
4354,1239045
1947,514642
1107,461769
2264,784601
1725,460914
1735,558290
1529,528371
3171,1061765
4462,1155580
3677,945782
4222,1127839
1975,583035
3396,901764
1308,533063
1478,566513
2963,829091
1225,307716
3001,769520
3862,957102
1716,548936
4551,1130695
2697,832652
3306,892433
1278,463239
1472,403707
3310,880935
2623,902243
1098,428543
3841,1016966
724,339021
1340,411403
2314,755230
1606,551386
624,270442
3746,1062982
3431,1070623
4625,1170772
3471,1035010
2517,759817
2915,862799
3596,1127637
2109,577037
1217,498893
4061,1150625
1516,602446
4065,1156833
4970,1335358
2460,814125
1548,449709
1857,595946
3926,1065140
615,328689
2595,756216
2301,753392
2646,843590
2120,641166
3450,843402
4292,1171603
3441,1003809
1477,436309
3566,888207
1283,473047
740,414332
2053,617344
1512,596151
686,322978
2381,694189
930,327638
738,305178
2845,798307
575,340505
1856,620267
2830,853759
2402,624322
4513,1281295
2559,725705
640,239726
2289,744345
4126,1206926
516,303837
4848,1136883
964,369805
4971,1316403
2327,607137
3528,963779
1019,498693
589,394935
3351,961073
3343,981655
2384,798473
4671,1344991
1425,424438
4234,1039095
1469,415547
1594,568291
3695,986099
1904,711356
3864,1013777
4790,1185868
4482,1084674
4823,1267708
4513,1107754
3592,1007095
4659,1304256
2574,900736
784,311143
1687,428922
4469,1195929
3465,1039093
4819,1094744
1283,476282
1449,561844
4439,1202194
544,410818
2310,658340
2581,805825
3998,1039683
1329,397029
2409,724191
3081,794072
1191,522982
4519,1087165
1431,513244
3906,1100898
647,442211
1532,477772
1811,536477
887,394713
3621,1142654
2373,638903
4088,1015503
1415,527154
2378,758846
4248,1232804
777,363961
2477,657875
2359,634865
3536,870540
3871,1034140
2682,818060
1670,501115
989,355074
3025,821711
1682,571418
4979,1262637
4758,1272955
2988,807168
2376,697261
2962,885091
2130,558513
787,433998
4782,1205666
2407,713480
1661,517532
629,440551
2863,698014
643,401027
515,275885
744,297828
1426,620807
3678,1155189
2676,720974
1386,504566
840,391641
2551,808400
3898,914746
4450,1240369
805,464763
1407,580233
3154,898559
4292,1223656
4542,1305347
1871,519033
820,496562
4559,1277855
1631,511156
3078,927256
4542,1273313
3867,1075569
1317,402811
511,244899
694,352909
3037,800922
3342,864317
2729,760360
3509,1002362
2577,662770
4367,1049373
943,486986
797,519447
1344,492461
1515,472641
1884,580244
1897,453364
1053,367566
2850,755421
1769,649865
1760,534905
684,222152
2910,803451
4931,1265090
2709,773425
4172,1201116
2381,689558
4796,1172502
1021,330072
2387,731489
3052,845917
4309,1007482
4655,1243848
4916,1365452
3979,1127969
1909,603561
2194,581832
1026,338555
3160,789067
2672,875641
779,417359
3464,822112
4477,1157160
3169,864424
3393,967095
2251,710367
4481,1048972
2861,829723
4927,1177753
4631,1188415
2208,752430
3186,852264
3395,833909
3276,997647
1619,544296
3488,846785
4759,1209271
4743,1185294
694,220197
1162,326438
979,304777
4718,1254206
1923,609398
3208,953376
3675,905537
4314,1060150
2514,823719
4289,1241037
2943,958633
1411,513585
3713,880419
2864,814767
4129,1138223
3972,923874
1180,543419
1109,434114
2656,815520
4366,1058021
871,332463
1115,425032
2753,714427
4638,1139407
1364,448892
1768,584763
1284,452684
4678,1074462
2737,677130
4554,1098493
1435,570221
4480,1291289
2838,941121
825,312467
2034,688588
3980,1028055
4361,1195376
2485,821552
3278,964442
1770,511558
1140,576343
4578,1032214
1867,672399
4542,1070449
3075,776813
4103,958936
2081,672341
2486,789345
2740,805376
4466,1112138
2605,668617
628,411655
4496,1201668
1351,511571
4603,1285892
2576,827452
3494,861307
4244,998896
3256,980028
2144,802235
4871,1096248
3644,1044336
742,423693
4585,1160159
670,374848
1152,466248
4012,1024380
1999,613987
2599,674774
2658,903937
2472,661009
4425,1152627
2758,817085
4539,1134837
2535,702262
3771,953719
1357,583349
4323,994175
1549,557547
4490,1234260
798,451176
1423,520794
4732,1230446
4806,1353025
3299,1041488
4562,1314818
4545,1302644
2302,638136
3213,1026887
3353,1049022
3157,884199
3846,1092242
1971,590080
3449,823884
1441,460832
2407,642708
1743,612138
4923,1302431
1966,672676
4457,1058123
2466,766660
875,485308
762,427440
4862,1225410
3888,1049256
3895,1067197
2444,750876
2393,686755
4134,942799
2152,710481
4641,1218597
4392,1066618
1099,316209
2412,687821
1792,529306
1100,318206
880,410913
4713,1229437
4137,943681
2663,746911
4855,1298158
1598,539188
865,374880
3070,792056
3919,968194
2976,911300
1290,441048
4069,1136395
1246,491523
812,388382
1420,579365
1577,590676
3329,979816
2881,873563
4118,1173729
1297,391568
4943,1286833
772,449265
3510,951785
2273,749721
3047,816040
3664,898917
1446,420885
3165,771927
1006,459584
743,285638
1005,376040
3658,958530
4090,975846
2372,601394
4293,1148223
1692,596471
4925,1324089
1964,554127
890,455371
4976,1295163
3877,1097032
1172,502691
3060,925780
1711,577924
1429,525460
2039,698039
1412,555354
1143,401172
1001,499021
1229,541877
1783,501871
2618,810786
4886,1199290
4336,1120595
1419,554371
4550,1228823
2839,827960
1255,470427
2369,635802
4972,1356199
1007,529060
1936,603828
3075,785803
3926,1074152
1058,457206
3602,1111423
4122,1143049
4899,1171909
4557,1079246
4215,1164189
1801,603597
2655,843271
1192,508572
4850,1195770
1978,643028
756,306685
2930,738326
941,323257
2381,774144
3146,852166
4320,1183984
2235,562042
4235,1189432
3145,827502
518,170950
1624,657656
4485,1322883
3154,943097
2580,674503
2047,695091
1361,516507
654,312759
3994,1118994
1404,577520
1769,450900
904,388364
1343,531027
2282,743677
2064,626542
1684,584082
1246,378650
2225,753625
3688,887756
770,231184
4456,1114696
671,251847
773,511049
2806,774342
1658,648841
2206,800964
2271,679151
921,349491
1709,435854
1390,472604
3767,968084
1973,513432
3743,1068571
4978,1209704
2681,764074
1949,650949
3596,937065
3756,992512
3656,1030091
2090,677637
4739,1341535
4481,1133011
1935,608818
723,427184
719,483672
4774,1104119
2154,597521
764,382534
1453,560343
4233,1042228
3274,919636
3624,928787
979,383633
4014,1012567
1853,662921
3822,1113331
4378,980799
1389,560627
4354,1147340
1424,407738
2670,674160
2402,770637
2895,972617
528,221609
534,374809
4089,995328
3170,922643
3865,1027984
1088,449157
3718,927780
3638,996863
1403,538902
4586,1288633
2669,864058
839,379193
4770,1188523
2214,667402
1056,325186
3587,913311
3766,936837
4067,1108212
2556,633821
4399,1137911
1516,450109
2562,668782
1338,466450
2137,635803
4821,1110997
3996,1103663
2313,772407
3979,1181142
1951,523454
2813,708048
2014,486955
1731,637227
2145,617075
3499,912016
3940,1037301
4556,1267572
805,478504
4036,1190606
2223,688218
2189,626224
2017,623607
4417,1243790
919,408811
3436,895197
4362,1070422
4729,1268469
1950,604382
3596,924795
3761,1073298
1664,619518
2369,764784
2319,775335
3205,755295
4015,1007055
1842,688068
2726,741344
1579,466641
4706,1282817
3279,922145
3028,924778
1313,598740
2531,736325
822,409596
3469,1015212
1403,428274
2041,665700
4003,1101754
3153,921604
2976,779475
3840,987073
4743,1302721
1641,612000
1349,389917
866,448414
3397,819811
1589,577731
4541,1153889
2538,772959
3360,871884
4770,1227661
2354,688115
994,373594
3682,931027
2284,778503
4010,1154418
4286,1092943
4630,1136117
1498,486994
4969,1180753
1951,591506
2251,585761
2780,774454
3434,1046783
4234,1219227
3846,1175348
2373,621476
4303,1084661
2479,717797
1198,468453
1812,713251
3462,913541
3438,793041
2800,875040
3697,1033668
626,287944
1691,510695
3139,895767
4889,1325521
4416,1290883
1866,466105
1519,527806
4579,1201640
1184,479426
4129,1081675
3387,1005337
1962,543851
4586,1143346
2761,765265
4680,1230323
3341,838931
2267,665999
4680,1241917
4060,1081074
2612,855944
1126,497080
4659,1179896
3914,985972
1875,537390
1681,505629
990,341554
4229,1043459
4034,1022846
3796,991677
2440,815003
4908,1220560
2382,756021
3487,952796
3659,876198
1181,527440
1573,550445
2887,903332
2894,848994
3193,731190
1870,603255
4840,1325182
2656,675740
3080,898607
4891,1165927
2659,732556
3748,1098415
4231,1102531
4329,1017179
2127,612554
3972,936883
527,412447
2485,753681
4653,1131072
2021,554312
796,300105
2681,694818
3902,1018110
2796,683641
3097,932630
1401,394266
1598,647968
2177,671327
3381,1045346
1878,635261
1748,555663
4235,973145
4741,1260266
1764,680299
2407,778950
1558,500794
3249,851051
2548,863075
4748,1299937
2976,860338
4516,1259806
3697,1013480
4053,1028871
4940,1378466
2261,758663
720,351964
3388,869802
2164,614007
4486,1253466
3477,898430
2371,762670
1962,585420
844,418472
544,209557
2568,741724
2014,587798
3098,964814
1501,487745
1533,541742
2540,776797
773,336903
3147,774488
2279,615452
4976,1199023
978,515518
1015,381462
4786,1120036
1691,491498
3168,804939
1911,624526
3780,1095720
771,305062
642,399223
3832,962854
1287,614125
2181,750884
1122,369957
4341,1146473
4176,1024805
3072,835498
3760,1006193
566,272888
4786,1247420
1640,421922
2814,716788
3032,934018
4080,1061714
1687,588238
4971,1275206
3839,996121
1048,406268
4587,1308275
572,444688
698,491618
3701,978078
2281,628535
1071,491459
1290,367699
2138,680462
2331,854800
2355,651484
1674,605826
4240,977108
3777,885790
678,419903
2744,689046
4586,1186499
1234,375251
1298,552912
1287,539561
3295,980013
4804,1148610
3584,973688
3418,933518
1231,327258
1629,519848
3946,1074638
2105,733758
4278,1112503
3245,868827
3670,902768
3433,816812
1715,633065
824,484877
2350,764191
1990,598688
1393,459362
1890,515987
3889,945629
4739,1307438
4979,1345696
2763,800719
3932,1091870
2871,773204
3586,970781
4812,1242790
2015,665685
3417,932250
2852,941672
1667,514233
610,260936
4827,1235700
4155,1177619
4293,1006807
2255,699993
2077,686255
1796,700500
4274,1165333
2720,792660
1472,472481
1530,371511
3093,921000
4492,1050835
1413,614195
2681,861021
3697,1030930
1962,565786
2878,777001
3954,1076101
4053,1048749
1807,644712
1689,500382
1187,421598
1707,499774
2394,765453
2311,649135
3683,1058483
4297,1210633
2144,680319
4468,1109132
3216,785305
690,459832
1835,453908
3606,895971
878,333513
4982,1152931
4329,1122109
1115,270475
2830,717138
2254,550614
963,441315
1466,446210
4767,1151966
3658,992326
4124,1063526
1189,548289
3122,956483
2712,783824
882,304944
2756,674417
4310,1044205
4003,993734
1912,594132
2083,511736
871,435803
1110,393326
615,375704
946,318431
1891,690227
3824,1077338
1840,690617
3439,922468
4199,1063556
1573,505226
4069,950694
3650,1045575
2105,661058
2794,674337
4162,1023985
4982,1289791
1483,527337
851,287281
2224,691546
2451,638234
1779,573721
2407,665693
1524,553790
1045,465215
4674,1181345
2881,698225
1388,349343
1605,472219
3049,786097
2490,719689
4498,1249513
4275,1113860
3312,972681
1420,408879
2561,817099
4987,1271623
4139,1219626
3665,1004523
4935,1131264
3144,883515
1545,457468
4056,1176562
3181,829650
3699,997932
1438,354056
941,540566
3050,698207
4725,1335081
1096,448500
2005,601819
1361,653615
3140,748938
4231,1098213
2051,513390
3736,948352
2236,662769
1949,589302
764,459201
3159,920269
3221,811816
1962,544319
4752,1089229
1945,699966
2798,950053
3425,925666
2132,628489
2874,757330
1012,488298
715,329468
3831,981592
2672,757156
3653,952493
2206,660466
2606,724844
2067,728764
2708,811475
2831,745351
2653,848284
1628,654460
4010,1201929
4823,1242786
4153,1115170
2865,803131
3421,874927
1579,482900
4011,1025062
3241,953833
3520,914120
728,299388
670,262641
794,380558
4784,1157119
925,430514
1418,467950
3753,1079006
998,527322
3309,933255
1325,599639
4279,1196125
2358,624078
2618,657061
645,465241
4077,1092084
692,286646
4388,1273499
551,298561
2910,686280
2320,699430
3464,945058
3021,854064
2369,652779
3068,966402
2367,609710
3238,769406
3769,999837
3699,941947
3079,768244
4505,1219168
740,320308
3940,1082739
1907,582201
4002,1119138
4538,1154792
582,403110
4268,1259996
1450,618819
1110,508787
4105,981466
3783,1090126
2673,839572
3984,1140100
2022,709000
3101,759426
3157,785628
2659,700816
2949,935994
4330,1112998
621,250550
4868,1360740
1817,496018
4993,1364124
3018,947342
1730,634450
1633,654356
1801,666716
4534,1191967
2410,727199
2005,600049
3685,878361
2416,629225
4048,987962
3257,947475
2456,854705
678,240552
1396,564353
2051,735024
991,307998
560,334505
1577,443105
3395,920971
4660,1140716
4183,1083904
1085,500804
4460,1085473
4270,1096188
1034,525976
3962,1095386
4511,1187007
3898,955415
2655,804298
1504,418182
2999,791676
826,455178
3206,853863
501,425321
1533,418932
2981,781387
624,327133
1604,423549
3199,892202
2361,727786
3420,813926
628,347370
937,239586
3048,807179
3629,989785
1721,505458
1401,590403
3668,1035966
4986,1221394
4418,1023220
1567,645122
526,290700
1047,363978
3168,902279
1066,298098
1203,370544
4780,1342306
3640,915688
2090,583422
1305,351220
4291,1202576
1857,551663
3725,1087972
4118,1112176
2626,627259
2960,897510
1045,403463
3228,970489
4234,1028325
3062,845801
2579,640960
3141,967768
3614,1108080
2426,685119
1116,281188
4144,1108919
1703,609843
2259,659451
3065,948374
3674,1016930
3581,869986
3130,778811
3661,1002541
4821,1094123
1169,359263
3668,950258
2621,720786
4578,1239214
4651,1117175
1219,375512
3100,788307
4098,1156390
1166,460855
783,229148
4403,1090511
4065,1046237
2734,836204
1965,608195
629,439988
2560,612967
4172,1093104
2994,873016
1492,635217
2621,691284
3084,851661
4696,1256450
2723,856169
3688,1006103
3737,1065061
4636,1322803
843,360965
4961,1335377
2776,726407
3701,1073574
1388,427953
2543,699749
1841,442207
4220,1168400
3383,798003
4712,1196941
2915,723559
1617,583200
4763,1173029
3501,1010506
2238,650172
1864,573044
3208,815079
1424,379712
651,333901
1085,521679
1412,415673
2821,807030
995,393841
4295,1163834
2648,663044
1056,313068
2052,604628
2620,842321
3585,973355
4004,971437
656,416978
1234,508547
3776,1013782
654,387277
1496,547188
2794,758767
3405,840129
1677,581604
653,415333
4687,1209496
2216,638470
3702,955214
3357,849873
1286,504937
4868,1257120
4772,1164203
4267,1061647
3378,956924
1142,434053
1165,436048
3926,1054260
4283,1090283
4201,1157127
1569,694554
2849,750979
1712,567680
1652,529824
3011,855967
643,424983
2989,715476
3728,1033800
3705,1053337
4743,1155323
3642,1121361
3804,1153923
1857,502424
3213,912344
4685,1291964
1857,470087
4794,1138515
3692,1033990
800,444776
1223,513536
3510,816847
567,200966
4336,1227694
4493,1036645
3006,795863
2037,573223
897,476830
3857,1121151
1663,560323
1055,356720
4161,1204628
2251,756430
3441,929451
3157,852330
3295,834927
2829,856200
2459,652432
2101,792347
3293,842037
1980,610900
1602,517702
3776,1027092
1799,462778
4379,1155906
2035,751318
577,325891
3331,834166
3910,1092365
3221,826079
4127,998048
2032,612337
737,298078
2496,793790
3927,1100675
777,399452
3589,1087951
1023,497269
4775,1293693
4718,1176083
3622,892393
2297,709495
2631,833353
1315,430003
3194,812512
942,272510
3640,1027037
642,324369
4787,1168986
1910,719239
4973,1171482
1034,477983
2216,565760
3864,992494
1532,457823
3842,1089606
1910,500358
5000,1210912
1672,583214
1388,453657
3838,1025787
2141,687362
971,349031
3440,917387
1046,499938
4097,1167600
3325,1040005
4223,1148197
863,294911
2666,779697
3809,951919
1045,351022
3740,1084863
2436,659275
1462,535762
3505,972606
4306,1217379
1382,548575
4340,1098343
1370,513374
3485,925250
1365,492756
4809,1081840
3703,1101683
3397,989249
2744,817922
518,383191
1141,506333
3583,981918
829,425434
1365,457806
1273,436224
4987,1323296
2854,928012
3838,1127497
4018,1012679
3442,858088
3067,728969
2174,718322
3183,769333
3880,994856
1239,471134
2045,688421
2759,805246
1635,470491
1373,596836
2800,876977
1251,523770
1353,468786
4232,1178869
2783,798939
1829,474452
977,422422
3226,839447
3591,1069000
4730,1256347
1769,494270
4681,1375517
3103,905537
1969,694266
877,393505
2180,728350
741,368594
1419,530794
569,243286
4424,1128527
2586,716233
2507,611247
1300,400049
3279,832097
1255,358680
2495,755669
1821,692948
2830,953167
609,444318
1516,567514
4365,1152895
524,252817
3338,842978
1237,457975
679,368079
731,416221
2417,632599
842,458233
3123,897868
954,488719
4884,1117509
2776,814058
1095,524808
4374,1188707
4997,1168054
3169,780306
2635,681144
4464,1029286
2065,569294
808,399827
842,322750
935,336247
676,370696
638,218567
693,393622
3757,929139
3735,1100672
1442,659437
4379,1167135
3613,1059428
3462,989209
1453,411379
1802,527575
3881,1010164
3380,884459
2687,646482
1045,532864
2427,613101
4652,1329638
504,272409
3981,1230375
3753,1040674
1862,501500
2320,828824
3163,860304
3438,875959
1773,517006
3826,1079283
4159,1059432
3445,986964
3518,960897
1631,597093
3136,750367
3529,891609
3519,1040174
4877,1230722
3659,1069015
753,484125
828,301976
3091,1001129
3330,1000502
3544,888679
1920,574892
3901,967995
3392,876844
1154,458491
1259,357586
2298,704085
3471,941094
3926,1065531
754,295873
4323,1243964
2376,704821
3257,965558
3124,832088
4621,1237600
3504,1013128
4234,1221785
1744,576307
1508,515017
4814,1275407
2010,685235
2459,817580
3008,929317
3182,784705
1489,432619
4784,1128876
754,357524
4663,1236536
4952,1355567
755,323912
1507,623470
2255,743598
3071,899132
4408,1145730
3497,980932
3303,885899
4265,1171192
4879,1209523
3883,957734
598,224801
696,282147
3029,835901
1377,550525
2368,745366
3165,821819
1888,600528
2915,836329
1069,519133
3137,879304
1565,472336
921,457569
3383,803569
1704,458569
1044,522197
4666,1055037
4139,1037056
1723,585895
3672,889434
1267,364613
4157,1184646
1154,561344
2946,899933
720,312209
4166,1176650
4777,1098421
4902,1192240
3069,820202
1513,669675
2551,719086
4485,1079900
4810,1204412
3519,918738
4181,1031111
1943,671077
4696,1174298
3510,938733
1072,335129
1832,559702
4502,1071563
3634,845827
4586,1279434
725,245173
4700,1181734
2497,643293
1271,488434
933,348122
3599,999219
3229,964164
3907,1043494
3640,979980
1365,458436
3293,1028807
3411,984980
2915,790218
750,360299
4257,1136359
1418,489698
1673,514154
3703,961310
932,363753
1335,474534
2746,766203
2762,696323
1397,551227
4132,1043111
4315,1014162
746,376962
2929,855998
1490,559004
3810,1062037
1426,424465
3938,1163178
3107,837333
1574,661335
4522,1223322
4299,1194571
3651,1004091
3938,1207274
3991,1071824
1206,559330
3564,981159
1253,376209
1087,452443
1834,592771
2347,653584
4434,1138578
4426,1208975
3817,1116416
4520,1180559
3655,1074717
4802,1286038
2698,870774
664,254276
2498,643260
3557,804004
2584,688736
4928,1229777
902,481095
913,279738
544,334706
4657,1241696
2967,834584
1367,594767
518,383626
864,303441
4332,1084701
1079,446288
1045,507350
4650,1252400
3539,1005313
4637,1192688
4544,1093032
4826,1302303
952,355022
4461,1089433
1881,451080
1967,632936
3238,877978
1716,519078
1380,537610
4314,1215323
3649,934180
584,333078
4644,1182715
1668,686254
4664,1070358
3629,849729
4145,1072611
3026,770199
3367,1032903
4016,1010442
3867,1044800
2694,688642
4055,1006122
945,281847
4126,1122141
4516,1029329
4375,1147855
3837,1004636
761,257560
2348,617777
4525,1244080
2766,716551
591,228855
4722,1347929
4675,1272958
3809,1067759
1482,466531
3943,988856
3033,772210
1193,446172
4620,1302801
655,237400
4088,1145313
2312,603212
4614,1110788
1907,736484
1716,574721
1910,608526
3997,1051174
4872,1313854
1051,321419
3894,1008621
1676,533185
4832,1253861
1497,658261
4576,1214482
3231,903802
4437,1187637
4552,1099190
872,382688
2748,815498
1348,389776
3056,954327
2822,748570
1003,368024
3689,962390
1202,386425
4125,1125654
814,441390
2876,656403
1540,442064
4878,1336203
3490,914530
757,505272
1074,395386
2052,606058
1257,467845
3310,838853
1604,501824
3959,1091000
4492,1036833
703,388080
3275,816132
2832,661171
2492,769880
2743,929671
806,386308
2187,800963
4609,1270505
2360,727943
2461,752632
1222,581425
1279,438863
1028,466876
843,381423
4286,1247939
4182,1012155
708,484628
3906,991720
1811,585631
2799,713900
3836,995323
2447,764888
1419,569763
2544,837526
918,336626
2249,615986
3342,1044814
1599,609773
3892,930183
3272,860512
2980,932696
2045,732678
1570,408836
2350,677012
4698,1201730
3439,984709
2403,798659
1178,354765
1488,476205
2975,864868
2107,612010
3369,843408
2002,487268
2289,722008
1925,548897
2940,859704
2542,710043
1778,559135
3094,948156
2936,917245
4303,1046716
2705,879840
1527,594735
4039,1111434
3983,1035228
2741,890834
3265,1030693
1673,505221
3730,1058926
3850,924755
903,429404
3225,829799
3882,972274
4663,1100261
587,185340
1658,533285
4773,1277196
3357,809539
1881,665036
2564,793727
2874,752900
817,438122
2002,697173
2542,677592
2522,644437
618,354681
1209,347198
4057,1005400
4640,1310371
4909,1335909
3750,1032309
917,414926
3103,1015908
4354,1282395
1601,691595
4921,1185660
3928,1151614
2761,709413
4669,1316848
4134,1028515
1008,326456
2879,817120
3664,908085
1187,339053
1792,656660
4405,1065084
3575,1094307
3709,924630
824,397974
2493,660245
4476,1171532
3270,912887
4872,1309385
3083,725938
4057,1124892
4087,965589
651,317079
1454,609104
4854,1377307
2871,932056
1691,527783
1187,540029
809,470084
2002,596978
3627,1017329
3867,1180963
3895,1020947
1313,465436
1345,382403
1664,487139
2267,745802
854,444700
2372,663362
2524,649638
3317,934227
4332,1223934
4775,1213760
565,429760
4766,1265350
4590,1224588
3021,896165
3081,731596
1890,699890
1630,436120
2986,891894
1334,414362
726,287053
4015,975943
2943,917000
1227,369963
4186,1187571
4122,1087252
1536,485051
2332,720302
3240,935211
992,326708
2048,515169
1643,480402
4457,1105870
3907,1169626
1139,316471
672,267924
4854,1337239
4459,1080870
1016,471128
1022,487204
2417,810555
3386,999360
2664,872626
2429,718115
4445,1173501
2709,768772
4283,1191176
3090,771004
4576,1200033
1593,523266
4380,1158719
2994,809797
3079,762431
2988,816198
3285,826777
3258,785126
2074,524151
2873,944968
4490,1235421
1593,444744
1689,538212
3189,905183
4595,1067606
2375,659727
3906,1062659
2287,617160
4432,1211274
2107,762175
4248,1085466
548,287179
4361,1028314
2680,816704
3546,1065096
3333,975953
1897,522032
4326,1131682
1331,536972
3197,878009
3235,887095
581,367361
586,199885
2563,778857
1321,350721
662,392328
4239,1115122
2897,962771
2432,740165
3228,969803
4035,1012720
3946,1043634
3290,875742
3207,1030305
4433,1198585
3885,941314
1422,582408
2675,906382
2082,712867
1064,409199
3758,999776
3097,857310
3000,814694
1487,558291
4136,1079220
723,394592
850,444514
2428,716419
848,401870
4777,1102505
1517,603314
2726,768028
4624,1213624
2919,788766
2393,762771
3540,1007156
2568,790124
1625,450265
3617,1001326
4661,1254930
4542,1216746
4933,1233227
2670,885553
946,391943
3158,1000965
3862,946536
3218,961121
3983,1058951
3444,906720
4876,1122923
1095,478981
2486,615996
3250,746001
1574,633010
4469,1083397
4805,1207088
4721,1213210
4080,1140934
3507,848536
1469,460332
1080,510098
3324,904640
4501,1132375
1711,707364
729,421712
4784,1304626
3685,1107191
1001,453478
2632,685976
548,404139
4066,961596
3555,1054775
1188,505957
886,453361
1469,561581
3960,958639
1505,661218
3552,899877
3917,894019
2802,770912
2783,716425
2107,743784
4866,1161140
622,437373
1780,733467
4227,1012868
758,308306
1447,604414
1024,438874
1387,575269
707,300903
3882,940456
3294,763323
648,412927
937,472880
2702,784112
4249,1074519
3661,1005655
4401,1026425
4953,1209065
3745,940877
3323,871471
3770,1072547
985,341471
699,374631
4966,1353624
2482,605060
1971,573894
4843,1229330
2811,725570
3873,1058766
2578,644462
2021,660695
1104,388172
4348,1030053
3842,966286
1917,639765
4375,1112110
3433,832547
1048,444938
1338,596420
4315,1102095
1347,555270
4754,1188808
4968,1135984
2772,730825
3820,1079777
3058,900931
4811,1176743
2496,859502
4173,1007945
2064,605614
4518,1124095
2340,790790
3791,969684
3387,782104
1226,499709
1744,435271
3960,1158953
4218,1035906
1565,659920
782,457486
1581,399340
4385,1048163
3381,796062
3084,989695
3470,917363
1652,419838
3997,1002620
1447,551853
2217,602315
566,395672
1136,567381
813,355213
3897,1076525
1064,392321
2101,657977
1325,557498
4170,1013461
1525,589216
2751,827586
1304,435751
2951,850353
1891,730321
1735,447975
4532,1102630
3780,985551
4049,1143417
4700,1230838
4641,1238854
1854,634485
2336,742361
3392,960765
2996,959628
3083,923922
3058,838506
4118,1146351
2059,528327
2007,673157
4571,1248225
2563,825702
4142,1151235
2500,795129
1794,432629
4565,1103995
3252,903904
2253,612677
4710,1068258
2103,705764
1822,587245
2941,908108
1598,573610
2005,643315
1626,515478
796,269062
3549,964042
2725,678849
4854,1111215
4287,1071710
2596,756718
4109,1155672
2708,716827
675,456431
3002,834590
4499,1207510
2167,745921
4871,1336856
3045,851024
1175,555227
2323,711835
1856,554297
3572,1027048
3759,1060695
1046,406112
2583,819289
2540,641232
2252,576435
2115,627059
2349,622165
3142,828950
2100,596833
3896,933395
4902,1370173
4105,1170091
4299,1218812
1118,320367
1632,449486
2615,741540
2839,732359
3239,920108
4776,1314462
1987,484939
2057,573975
2613,877889
1544,538406
2931,933612
2082,640176
1808,645432
1101,523998
2120,744792
600,297143
4771,1240607
737,416170
4525,1244372
3418,1013475
3042,859564
2503,684103
2037,696737
1254,334590
3868,985466
2758,684363
4165,1107114
4735,1274423
1040,455803
769,335072
3960,1016684
3908,967711
1005,476996
1629,653919
2579,806745
3645,991248
3742,1116876
861,520136
4220,1113386
1956,611116
4567,1195504
4695,1215091
2181,540018
1552,394750
3009,725051
1181,519680
4432,1167048
2629,736686
4516,1220423
3802,1024141
1219,536176
574,360462
1793,585051
2422,653083
4657,1149277
819,436507
2649,859736
1952,536245
2055,545625
4707,1085120
3532,1061774
960,306683
1386,532624
4033,1015471
4436,1031988
1615,501061
1575,614290
4376,1227563
2424,819226
1426,592937
2781,900125
1555,528011
1041,452490
2661,683339
2751,798380
1552,546346
3244,860192
4369,1166291
4981,1340782
4657,1077901
2060,659699
4262,1131309
1664,573798
3222,832596
2858,696337
970,353321
1916,638956
1968,722999
1308,413067
671,314484
4626,1136353
4642,1052155
4725,1283552
2899,918204
2145,784859
557,403698
1629,435311
1853,693118
1267,500676
4395,1207302
1182,420190
3954,1063793
2508,782272
3642,862888
2290,546034
1977,743357
1385,459975
4406,1077380
4992,1322684
2038,634457
2573,641393
812,255841
1310,589690
2735,641046
3357,868472
3263,843878
2532,782501
2007,683080
3070,828543
2394,794123
3205,773614
1096,438032
2647,749840
1115,323763
1447,419031
4873,1175346
4264,1140683
2513,693471
4197,991014
990,419137
4850,1213604
2928,757306
1041,477706
1787,638726
2133,705686
3426,956717
1852,635464
4876,1190288
1798,476813
4467,1238899
4923,1136706
2758,909485
2573,659422
1201,353079
2419,638635
2960,718586
4762,1280817
4764,1300298
4824,1112553
866,490509
1027,375800
4218,1054860
4109,996854
4435,1210169
2653,713754
2408,791560
3512,826892
4728,1207947
3522,1051881
3983,1048033
3220,931105
2270,662749
4613,1147503
2277,652346
4712,1189481
1297,463870
3715,1069765
4288,1077276
3476,885011
4237,1012614
2211,732602
1252,535303
2969,763199
4469,1095947
1892,726187
3105,851387
1177,577790
605,190698
3787,1053330
2446,704539
1595,564001
2282,791620
3757,980777
2497,697211
2061,652591
4506,1129579
2175,663037
1622,609060
4481,1239448
1801,683887
1443,479765
1445,514078
1100,483988
3200,945514
1917,523282
2024,671981
4266,1058207
750,346579
2044,612177
578,290648
3623,894279
1397,420704
725,451849
1709,641649
2678,885835
3179,853328
3385,1046480
3306,832971
1203,455598
3044,680816
2870,736333
3781,938686
828,307155
4728,1347465
620,273163
1464,460447
4724,1114572
4175,992762
2576,813207
832,424566
3868,1160731
1816,431327
1696,589966
3670,989755
1929,529161
855,436000
4734,1117156
2026,559323
4397,1135734
528,317725
1513,558841
3202,879149
1327,458466
4946,1275979
2524,668596
798,424036
2365,708661
4516,1207466
2611,637675
1254,309254
1269,474085
4235,971914
1738,624344
2713,717254
2406,724338
2064,568128
1718,537687
1857,491177
4339,1030275
1960,596714
4485,1271484
1916,569048
3353,921876
1928,523243
4878,1144275
4974,1303969
4793,1245484
3562,1013978
3571,965120
1055,382410
855,326504
2063,526128
4000,1082639
1540,533127
3186,1022479
4974,1268773
3053,876718
2279,599874
575,412338
4826,1201293
3819,1075356
2849,748204
3273,813085
2762,756524
3729,1011598
2616,853508
892,318811
1608,473011
4862,1316326
1110,380986
3275,951205
4498,1291313
1172,519910
4177,1070844
530,323661
1900,680968
4571,1140998
1116,565075
3286,943412
1370,563475
4696,1104301
4104,1161652
1912,503178
3239,814520
1440,476298
840,252436
3408,811902
4633,1188399
1159,352026
2533,837097
2060,583171
3957,1028132
2156,635673
3475,849102
1549,611699
953,452744
2204,685843
3284,890533
1318,469046
512,348969
4479,1234936
1420,543661
2918,798105
1814,649948
4177,1130692
2517,661426
1728,683272
2934,776844
3368,961301
3015,791748
1938,454975
4664,1127321
4043,1041157
3675,855490
2281,789551
2763,695952
2469,649583
711,473687
1007,275254
831,420232
1050,423310
1441,498740
1227,417903
3362,1042320
3743,1065302
1148,367310
3237,893893
3247,953891
1509,482727
2050,531388
1303,583216
4580,1081686
4809,1156667
4764,1120380
3901,1124492
4741,1356771
3661,957920
4655,1369196
1027,510368
3798,897977
1523,587834
4234,1025200
932,458682
1676,656763
900,403783
2604,764715
3550,929491
2733,765469
2945,789208
3335,872889
3013,923670
2273,653462
1596,453809
1428,561703
2451,784529
2473,729178
2054,600135
3278,794211
4921,1228814
1494,534423
1112,514028
3093,884230
1095,506428
1341,482834
4939,1224921
1358,591113
944,494871
2288,752734
4817,1213744
3954,977278
4452,1214904
1530,508383
1795,641618
2563,743750
1947,662534
2545,722856
3350,811658
4324,1068278
2568,853047
4261,999983
2775,808048
2308,636252
1811,555934
4555,1182183
2951,704363
1589,556247
2172,724723
4175,1098171
4854,1370431
2503,758584
4698,1125967
1624,648088
1721,577214
3360,903570
2773,915779
3490,1042742
3010,748532
736,515214
1644,676231
3753,1111074
4282,1150917
1266,362454
3181,740619
3165,792424
2259,633076
3991,987899
3315,897500
4013,1181369
995,447350
3680,983866
4430,1086560
2572,724264
837,321501
4449,1248797
3608,941394
2317,746449
636,239619
3055,971540
4915,1282903
1415,498825
4038,1143431
2600,828648
3407,863399
3414,1023156
2482,600069
4370,1225406
4067,1045574
1498,529628
2647,859350
895,293848
4098,1003485
1438,508699
2136,580474
3224,839616
3010,806750
2149,714940
4190,1031232
3935,987128
3701,999725
4679,1124806
4866,1309205
2791,889018
4983,1270076
713,332051
3737,921830
4362,1015276
558,357266
3430,904835
3471,927350
2027,686404
622,446318
4219,1105000
1936,626665
1662,684069
3800,998870
3845,1031019
2986,989363
1061,529363
4481,1203400
2237,701376
1404,480780
4054,1007726
4990,1319009
2226,671180
3423,996226
4031,1123278
4406,1190579
1434,488194
574,387308
794,317546
520,217968
3742,966439
1538,390515
1609,420092
4271,1177296
871,455737
1674,464088
1664,593231
1592,610764
1783,736082
2511,669906
1345,578140
2491,715436
1020,522634
4966,1319635
4696,1048495
742,245653
3300,803196
3396,918077
3102,783961
2773,725242
2041,529309
3265,923339
2614,688154
4991,1188598
3583,1014044
2357,715333
1269,452079
1922,705072
906,389790
3472,1007752
2372,639020
3194,877260
2769,845791
1681,600447
1939,665337
3553,964442
3833,994309
3397,1031076
3403,1005659
728,344633
4459,1095445
2393,803468
1813,522007
1570,471969
1474,504581
2238,675619
3785,929798
1257,386664
3595,1010806
820,351087
2821,838789
1055,503506
1886,547788
3547,1026000
2927,969380
2504,671845
2430,729993
2663,780722
4367,1128325
2926,689848
4293,1053915
3013,837175
4303,1061479
2827,707092
1117,603386
2665,744848
3808,1044349
1492,548736
1877,602497
4881,1247379
3674,956383
1805,571861
3578,1028182
3186,802883
3483,964349
3023,947871
4082,1113218
1985,589720
2600,731639
4215,1133233
2501,665891
1887,652628
3683,1078882
1530,400681
2265,642357
1720,474685
4306,1028376
2914,756146
4845,1128822
2118,645822
1763,562855
1371,461257
1334,446298
3322,885038
1418,425161
2224,597701
2913,860187
1813,646437
4998,1385585
2605,741696
3068,689590
1638,535825
709,427419
1564,377829
2720,796558
733,287994
1292,529032
3610,894374
2666,662893
834,460569
1859,479764
1714,513579
4919,1374507
783,343925
712,381950
2158,628649
4578,1154346
1917,658639
2886,794352
2294,779358
604,369303
4393,1066175
4345,1105800
4190,1243317
3792,1067610
878,357035
3793,926785
3829,1091449
3938,1146733
724,408443
1237,350995
735,474540
4778,1090985
1211,622697
2388,660276
1759,618464
1248,388190
4486,1198639
4051,997429
1009,348116
2323,771283
3441,931238
4732,1197478
2634,815107
2277,653953
1722,682553
4167,1049590
2277,714152
1804,612382
1201,551234
3489,876878
651,378203
1825,547905
1801,697249
4222,1039534
2211,784929
1306,524492
4830,1211554
3222,814414
1825,542868
4633,1082242
1659,665067
3369,984415
1742,583522
847,373081
2331,629144
2069,577532
4435,1183107
2418,642348
3732,905167
4258,1011642
2855,895408
1897,633097
3280,1028517
2324,714277
2991,852076
4560,1103769
904,462789
2221,528243
3325,813477
4345,1087753
4710,1209008
3692,924467
564,245764
1799,527903
1915,732149
4093,1068485
1468,431251
868,258265
732,309060
2742,785728
